dim1,dim2,dim3,url
9.517641,1.6043469,0.84668285,a table sawing machine on a white background
9.273113,1.9396063,1.7771759,a brown leather recliner chair on a white background
5.93327,2.004026,2.7278783,a black and white photo of a dog team pulling a sled
7.742401,0.5746693,0.90410477,a pair of key chains with a police officer on them
5.558746,3.8507082,1.9209297,this is a computer rendering of a house
6.0678325,4.72512,2.01789,a view of the grand canyon from the top of a cliff
5.736233,3.5381968,2.677482,a drawing of a tall tower with a clock on top of it
8.082079,2.5734303,-0.8216574,a close up of a sandwich on a plate
5.1390395,3.7517514,1.2870967,the cover of jude the obscure by thomas hardy
6.0089016,1.8756937,1.254689,an advertisement for shredded wheat with a picture of a man
7.7472672,0.905875,1.1551615,a person holding a gold necklace with a lion on it
7.7323365,3.408209,-1.2097675,a bunch of cupcakes sitting on top of a table
9.570031,1.4540535,1.4986366,a mountain bike is shown against a white background
5.7192197,2.3957129,2.8892174,a black and white photo of a cell phone
8.312046,1.848672,2.1444812,a bedroom with pink walls and a white bed
9.161883,1.7865427,1.5293577,a gallon of red diamond syrup on a white background
6.9309254,3.5052083,2.04546,a yellow taxi driving down a street next to a tall building
6.842985,4.366047,2.116885,boats are docked in the water next to a lighthouse
5.7037325,3.7242565,2.034715,a city street covered in snow next to tall buildings
5.775292,3.6553223,2.6139927,a large building with a clock tower on top of it
6.8380384,3.7565715,1.2170761,a white building with a green fence and trees in the background
5.6683865,2.4541354,2.9465122,an old black and white photo of a building
6.22268,2.815562,1.5104345,a person riding a snowmobile down a snow covered slope
7.9316034,3.9149597,-0.7575182,a pool table with several balls and a cue
8.084386,1.4917493,1.193285,a purple flower sitting on top of a green leaf
5.437606,3.0493217,-0.39260244,a group of people sitting around a table in front of a blackboard
3.7907608,4.984686,1.3640301,a bar chart that shows the number of people who are using voice - activated systems
8.588325,5.1654644,1.4820002,a bed with a black and white comforter and pillows
8.936915,4.03841,-0.47035992,a kitchen cabinet with a drawer full of items
5.439032,4.457861,2.0311103,a map of a campus with several buildings
7.3651814,0.86820966,2.2508185,a screenshot of a woman with red hair
8.9750395,1.8370405,-0.4735529,a water heater with a hose attached to it
7.9098125,2.880543,-0.36742207,a lot of pumpkins and flowers in pots
7.810265,3.5957193,-0.10134272,a long table with white flowers and candles
7.2397075,0.53576666,2.6925364,a woman wearing a silver skirt and black top
8.104826,4.999747,-0.03467738,a room with several chairs and a desk in it
8.722797,2.6472616,0.9868565,the champion logo on a blue background
7.500513,1.0493604,2.3832855,a woman with blonde and pink hair posing for a picture
7.5793304,3.579217,-0.77729464,a muffin sitting on top of a wooden table
7.820863,3.8739119,-0.93939036,a table with a drawer on top of it
6.242933,0.7281506,1.2940593,a close up of a person wearing a suit and tie
4.761069,2.3572495,-0.13193908,a group of women standing next to each other holding quilts
4.999915,1.9307708,-0.85101974,a man and woman standing next to each other
6.898476,1.03277,1.1436083,a baby girl's dress with a butterfly applique
6.5809855,0.95396787,2.1509674,a woman standing in front of a white background
7.7476716,4.2975283,-0.5115978,a wooden desk with a black leather chair
9.027094,4.9873667,0.99992007,a brown leather sectional sofa with recliners
4.448582,2.3011394,-0.04949687,a man holding a sign that says keep calm and never give up
7.453987,0.58354133,2.9326448,a black jacket with a skull on it
3.8741026,4.9032745,1.3167365,a line graph showing the temperature and temperature of the greenhouse
5.8396487,4.1389804,1.7537445,a christmas market in the middle of a town
8.080013,2.9943159,-0.8888118,a plate with a sandwich and chips on it
3.900473,4.9306107,1.3554307,a graph showing wage and salariess in different countries
6.844933,4.4033666,1.8496463,a body of water next to a wooden dock
8.584985,1.4171039,1.9806703,a small pink handbag on a white background
8.482367,0.9651682,0.40335724,a close up of a bracelet with a heart on it
4.825886,2.2476225,-0.6250857,a little girl standing with her hands on her hips
9.056745,5.6975803,0.49716467,a living room filled with furniture and a large window
5.223048,1.7299633,-0.7289619,a man signing autographs for a young boy
8.331324,0.97423714,0.93233085,an antique ruby and diamond ring
5.796638,1.3834208,1.310065,a man standing at a podium in front of a microphone
5.9664326,1.669937,2.611399,a black and white photo of a man in uniform playing a trumpet
9.005092,1.339823,-0.14259405,a camera with a lens attached to it
6.6261864,0.4830094,1.6331053,a red and white dress on a mannequin mannequin mannequin mannequin mannequin mannequin mann
6.084062,0.8668336,1.3773378,a man in a suit and tie posing for a picture
6.16483,2.878117,1.5525907,a tractor spraying a field with a sprayer
8.9585905,4.5827713,-0.8140417,a kitchen with white cabinets and white appliances
4.5196295,2.2956107,0.014937646,a group of people walking down a street holding signs
8.151806,1.1786093,2.0070505,a small pink purse with a chain strap
9.508541,1.3792036,1.0445175,a blue hose fitting on a white background
4.7780204,2.7275836,-0.43750814,a group of people standing next to each other in a courtroom
6.8079667,1.1194019,2.4016955,a painting of a woman in a colorful dress
6.531801,3.397393,1.5252475,a close up of a car with flames on it
6.306033,1.2634447,0.3481802,a woman and a child smiling for a picture
7.586589,2.90463,0.7777712,a painting of three white orchids with green leaves
7.038524,4.008067,1.9137325,a yellow raft floating on top of a body of water
8.797473,3.1173987,0.024691736,a person in blue gloves is reaching for something in a box
8.973137,4.6153183,-0.88433397,a kitchen with black cabinets and white counter tops
8.515051,4.3422956,-0.31272277,fluval power filterr for aquariums
8.119965,2.994822,1.7457654,a classroom with red chairs and a projector screen
6.534177,0.9870119,2.1139314,a woman in a wedding dress standing in front of a wall
7.9623985,4.2299166,0.024157565,a pile of snow sitting on top of a snow covered ground
5.9651737,3.8141594,1.9631937,a painting of a train track going under a bridge
6.28685,1.3584814,2.760957,a black and white photo of a woman in a dress
9.369519,1.7025418,1.6384692,a black 2019 subaruna parked in front of a white background
7.351594,2.3471305,2.0389416,a helmet with the pittsburgh steelers logo on it
6.453887,2.0118446,1.413745,a painting of a man holding a bird and flowers
8.734819,3.4370441,0.75526476,a knitted skull sitting on top of a blue blanket
7.337388,2.8632374,-0.84254307,a row of glasses filled with drinks on a table
5.1447034,4.250083,1.5080748,a red and white restaurant website design
5.684457,2.4272013,2.930564,an old black and white photo of a town
8.290246,5.6628203,1.4691502,a bed room with a neatly made bed and a ceiling fan
7.710621,3.9523065,-0.6656891,a wooden table sitting on top of a wooden floor
8.486628,5.4782634,0.94103265,the interior of a car is clean and ready to be used
8.844016,4.705913,-0.6776357,a kitchen with a stove top oven sitting next to a window
6.8650227,4.3203483,2.1133125,a couple of boats that are docked in the water
7.886756,1.1974546,0.058126524,a close up of a person holding a passport
7.988944,4.7684917,-0.27298176,a dinning room with a table and chairs
8.528081,4.546173,-0.43176812,"a bathroom with a toilet, sink, and shower"
7.6911616,1.0690281,2.0398788,a green hat on a white background
4.7931204,4.339788,1.0064816,institutional buying and selling by quarter for kt ny ny ny ny ny ny ny ny ny ny ny ny ny ny ny ny ny
4.7302914,2.6538172,-0.12922992,a group of people standing on top of a stage
8.746995,6.7995067,-0.27419564,a patio with a fire place and steps leading up to it
8.147973,1.1993386,2.3803372,a baby girl's pink dress and white pants
7.633012,3.0429738,-0.4918277,a wine bottle decorated with berries and greenery
5.846117,4.1736608,2.0126169,a view of a village in the mountains
5.2708116,2.1929135,-0.84418833,a couple of fake cows standing next to each other
8.005927,5.5977345,1.2522825,a bed sitting in a bedroom next to a window
8.213991,3.6993675,0.6555505,a hallway decorated with christmas lights and decorations
7.1594725,4.1827555,1.8921725,a wooden model of a boat on a white surface
5.755829,1.9474567,1.3124408,a construction worker standing in front of a building under construction
6.940552,0.68336815,2.392168,a woman wearing a bra and panties posing for the camera
8.872969,7.1732054,-0.43224606,a living room filled with furniture and a fire place
7.8310533,5.6236777,1.4440957,days inn by wyndham
5.747889,2.5241606,1.297032,a man riding a surfboard on top of a wave
4.917018,2.7395113,-0.57112175,a group of people that are playing drums
5.6900134,4.018232,2.0884607,a drawing of a city street with a lot of tall buildings
9.393678,5.6203303,0.46779084,a living room filled with furniture and a flat screen tv
7.4790354,3.5122416,-1.5323795,a machine that is sitting on top of a table
6.3161135,2.3021338,0.15469182,a woman sitting at a table in front of a window
6.9497027,4.2604737,2.1512887,a white catamaran docked at a dock
8.873517,6.313387,-0.02602623,a living room filled with furniture and a staircase
7.249928,2.8736498,-1.2256558,a bottle of courvoisir xo
4.7987456,2.627621,-0.50798595,a group of people standing in a room
8.88589,4.6511674,-0.76804453,a kitchen with a stove top oven next to a refrigerator
7.430398,2.9356742,-1.0194204,a bottle of champagne sitting on top of a table
6.267521,1.1558664,1.4667974,a woman standing in front of a microphone
7.0293756,3.0773735,-0.8658685,a bunch of balloons sitting on top of a table
7.7711997,3.79383,-1.0402137,an old typewriter sitting on top of a table
7.5864615,0.6169704,2.6370072,a blue sweater with a zipper on the chest
5.7396827,3.642024,2.5761003,a very tall building with a lot of windows
5.8026886,1.3666599,1.3233064,a man standing at a podium giving a speech
8.99326,1.4851716,-0.33811483,a close up of a car charger with a cable
8.970511,4.8639193,1.028243,a brown leather couch sitting on top of a white floor
9.440576,1.3994148,0.77093303,a close up of a pokemon figure on a white background
8.161376,5.6311936,1.4170518,a bed room with a neatly made bed and a flat screen tv
9.010409,5.727488,0.56844646,a room with wood floors and white walls
5.624432,3.0195308,-0.41499776,a group of four remote controls sitting next to each other
8.203292,1.3912079,-0.3019125,a pen with a pen tip next to it
8.461452,0.9322664,0.55700374,a diamond ring on a white surface
8.0603,4.165037,-0.22940171,a white office chair sitting on top of a white floor
8.184782,0.7846575,1.0290447,a blue and yellow striped glass pendant on a silver chain
8.289075,0.9402255,0.9307265,a silver ring with a purple stone in the center
7.5427995,3.1578662,-1.3030108,a bunch of rings sitting on top of a table
6.53533,4.533622,1.9257867,the sun is setting over a body of water
7.585008,2.8840926,2.0861382,a black and silver motorcycle parked on a white surface
5.9631352,2.024691,1.3726798,a man holding a dog in front of a cabin
6.738926,0.87520975,2.6997724,a woman wearing a black and white dress
8.293157,4.957984,0.6995583,a picture of a picture of a picture of a picture of a picture of a picture of a picture of a picture of a picture
5.621839,3.071461,0.5378866,a young boy laying in the grass with his hands on his face
7.9144135,2.9847271,-0.8280488,a person is decorating a cake with icing
8.871653,6.340264,-0.04133441,a spiral staircase in a home with a skylight
9.502347,1.7668841,1.5864856,a fender guitar amplifier sitting on top of a white background
5.735355,2.2749062,2.9484954,a black and white photo of a tree
8.479418,2.3481998,-0.10003924,a close up of a car dashboard with a clock
7.4745016,3.1497686,-0.6309062,a table topped with glass bottles filled with cactus and llamas
9.368707,1.7755212,1.5835928,a black briefcase on a white background
6.596477,2.4255548,0.41608942,a woman sitting on a couch holding a microphone
5.2922006,3.0061176,-0.32582533,a group of people sitting on the floor in a room
7.0681734,0.6515217,2.9315767,a woman wearing black stockings and high heels
8.5915575,5.327912,1.5687124,a bed with a brown comforter and pillows
6.765841,0.60205597,1.8388197,a white dress with green buttons on a mannequin
7.441769,2.7613528,-0.93727,two glasses of wine on a table with a view of a lake
6.2116923,0.7077528,1.3144954,a close up of a person wearing a suit and tie
4.871261,2.4595976,-0.8101845,a couple of people standing in a room
6.38023,4.480431,2.341866,a large passenger jet taking off from an airport runway
8.543506,3.3821578,-0.6621297,a box filled with assorted canned food items
9.349467,5.592028,0.4679573,a living room filled with furniture and a flat screen tv
5.510756,2.6226838,-0.13027225,a gym mat with a kettlebell on top of it
7.155792,4.6156783,0.20066886,a patio with a table and chairs and a ceiling fan
9.159442,5.1735992,0.89478725,a couch and ottoman in a room
8.83847,5.783322,0.6694863,a child's playroom with wooden toys
9.026672,1.4600793,-0.23847556,a close up of a single fiber module
5.940731,2.0400484,-0.89071965,a couple of hoses sitting next to each other
6.7364297,2.776771,0.4708317,a cartoon of a man sitting on top of a chair
8.323439,5.727871,1.4511995,a bed room with a neatly made bed
7.720752,0.7846213,0.78202885,a person holding a pair of earrings in their hand
8.696917,3.6547763,-0.5379723,a shelf filled with lots of different colored roofing sheets
6.5713797,4.3041973,1.474968,a small waterfall in the middle of a forest
8.618586,5.2360888,1.516179,a bed with a gray comforter and pillows
5.773984,2.2489386,2.912445,a black and white photo of a harbor
5.152141,2.6256795,0.28114003,a group of young men playing a game of soccer
6.81444,2.6910717,-0.21011703,a woman sitting at a table with a row of beer glasses in front of her
7.7332664,5.5892143,1.4732577,the holiday inn hotel and suites
7.4665785,0.7555437,2.6078665,a woman wearing a red shirt and black skirt
9.3432665,1.288106,1.6956047,a pair of brown hiking boots on a white background
8.606295,3.030542,1.0035847,a blue sports car parked in a dirt lot
5.958905,1.8721251,1.3976562,a man standing in front of a red barn
5.860592,4.7504554,2.1529412,an aerial view of the city of seattle
9.328337,1.5717295,1.2755181,an image of a tent on a white background
5.6014833,4.1291976,0.7065631,a sign that says home is where my plants are
7.84442,0.84473556,2.4961474,a man in a pink shirt and blue pants
5.4435854,1.9772642,-0.12747464,two women looking at shoes in a store
4.7223606,2.1560702,0.16327026,a group of people walking down a street holding american flags
9.019777,2.1002073,1.7092185,a red motorcycle on a white background
4.750361,2.3758461,0.18833646,a group of children standing in front of a building
6.432821,3.7775457,1.119978,a herd of deer standing on top of a grass covered field
6.7716684,0.68145365,2.2457423,a woman in a long white dress
5.127484,1.808707,-0.9804007,a boy and a girl talking to each other
8.8657465,4.0146575,-0.5627105,a set of three white cupboards next to each other
8.5408945,1.0495207,0.38544202,a close up of a bracelet on a pile of rocks
4.9063997,1.8389804,-0.31308594,two people setting up a tent near a lake
8.062991,1.1658763,2.2881198,a woman is wearing a pink outfit and holding a purse
7.859829,3.2576046,-1.1008989,three cupcakes with white frosting and red sprinkles
7.4075365,3.449446,-1.6013845,a machine that is sitting on top of a table
5.128101,1.9465859,-0.89423555,a man and a woman kissing in a room
8.02849,4.7661853,-0.29616076,a baby sitting in a high chair playing with a toy
7.4986362,3.6417496,0.9729571,a green inflatable frog floating in a pool
6.549198,3.6596277,1.9257972,two jeeps are parked on a rocky hill
7.6000404,0.5291269,2.57582,a pair of jeans on a hanger
6.5215607,1.216712,0.55138296,a smiling woman holding a bag of food
8.296016,5.4342675,0.8941143,a walk - in closet with lots of clothes
8.96002,4.887065,0.99514896,a guitar sitting on top of a black couch
8.627435,2.700117,-0.1793025,a black case with a handle and latches
9.1862335,1.6688801,1.4170582,a mexican flag on a white background
7.03985,0.5333262,1.6385853,a close up of a mannequin wearing a red hat
8.910265,5.49185,0.5087225,an empty office with lots of glass walls
6.6925917,0.9030334,2.7231994,a young girl in a black dress posing for the camera
9.273183,1.63032,1.6323534,a black toilet bag on a white background
7.310363,0.39024568,2.6888664,a woman wearing a white shirt and black pants
4.6401076,2.6028616,0.239306,a group of sailors standing in front of a large battleship
4.7456665,2.620754,-0.6288163,a group of people standing next to each other
5.9147687,2.343546,1.3583239,a firefighter spraying water on a house
8.214246,5.7835884,1.2962584,"a hotel room with a bed, chair and ottoman"
9.195455,2.0004187,1.6770867,a motorcycle wheel with red spokes on a white background
8.483456,5.464764,0.15949412,a ladder leaning against a bookshelf in a room
9.172441,1.4064947,0.20319992,a close up of a usb drive on a white surface
6.0531464,1.5668522,2.5792785,a black and white photo of a man wearing a hat
8.981359,5.5166063,0.51309276,a living room with a chair and a window curtain
8.143224,2.4381647,-0.57061815,a glass jar with a label on it
7.787696,3.3631382,-0.8423282,a cake sitting on top of a wooden table
7.4758935,2.9985135,1.9461704,a motorcycle is parked in a showroom
7.1440744,2.947102,-0.7962335,three decorated easter eggs sitting next to a basket
9.586436,1.6616324,1.1678958,three power invertors on a white background
7.339366,0.4575911,2.4790072,a woman in a white shirt and a green helmet
7.529434,3.3996773,-0.6922645,a counter with bottles of wine on it and a chair in front of it
7.346942,3.3397357,2.024716,an orange and white classic car parked in a parking lot
5.284011,4.7486634,1.9515476,a map of canada with the provincess highlighted
8.692319,4.8066926,-0.4803237,a kitchen with a sink and a couch in it
8.062367,3.0468233,-0.6700183,a knife sitting on top of a piece of wood
6.4282017,1.8105878,0.2844426,a woman is holding a fluffy cat on her lap
5.2637954,4.034327,0.8148295,"a quote that says, you are worth the quiet moment you are worth the deeper breath you"
5.74843,3.5907497,2.5968347,a large building with a cross on top of it
5.22669,4.4586873,1.7944431,"a map of restaurants, bars, and shops"
4.937544,1.8068411,-0.3228838,two people standing on a hill with a fire in the background
8.316244,5.975392,1.098563,a baby's room with a crib and a chair
8.084376,2.2041125,-0.5698707,a close up of a quilt on a table
8.113623,1.239566,2.3001845,a woman in a pink and white dress and a woman in a pink and white dress
9.050927,1.3390607,0.30469826,a close up of a rope on a white surface
7.6103506,2.87571,2.0358508,a brown motorcycle parked on a white surface
8.906563,3.5943398,0.29066306,"a blue, orange, and white cube ottoman"
4.683137,4.327575,0.8495087,a blue sprock sprock sprock sprock sprock sprock sprock sprock sprock sprock sprock sp
8.642471,6.153577,-0.059239853,a screenshot of a person standing on a set of stairs
8.477143,4.3942275,-0.38589603,a white toilet sitting next to a white sink
8.940139,1.6775397,-0.41812724,a pump with a hose attached to it
9.434851,1.4086771,0.8569309,a close up of a metal object on a white background
8.074294,3.0279324,-0.8839357,a white plate topped with crackers and a cheese ball
5.8401017,1.8736075,1.3326988,a man standing inside of a building under construction
9.269572,5.207914,0.7674553,two dogs sitting on a couch in a living room
8.319065,5.907417,1.1816618,a bedroom with a bunk bed and a chair
8.868694,7.1710424,-0.4295201,a living room filled with furniture and a fire place
8.093901,5.539277,1.2219557,a bedroom scene with focus on the bed and dressers
6.4629235,4.5579324,1.9564111,a large body of water with a city in the background
5.382982,4.116975,0.6594535,a sign that says refugees are human beings
8.882014,5.638662,0.53260094,a white conservatory with a glass roof
6.012816,1.3995532,1.611556,a man in a bow tie sitting at a table
5.6925116,2.400131,1.2386394,a man standing on a dock playing a guitar
8.923847,3.5352175,-0.06587318,a white and blue box with four drawers
9.415742,1.4728844,1.6285872,a grey adidas running shoe on a white background
9.46698,1.4315535,1.3270499,a bottle of boss bottled cologne on a white background
8.7867155,5.08898,1.3533143,a gray couch with pillows on top of it
7.357646,2.8017077,-0.9764832,three glass jellys sitting on top of a table
7.9390817,0.73002553,0.7795565,three pieces of jewelry on a white surface
6.020485,4.7863746,2.2352297,a view of the earth from the international space station
5.168857,1.9098692,-0.028416667,two female cricket players walking on a field
5.821423,4.728395,2.238356,an aerial view of a campus surrounded by trees
6.0992,1.7365885,1.0827409,a man holding two cans of beer up to his face
7.074465,0.45994437,2.7776675,a woman in white tights and fishnet stockings
8.173378,2.5659416,-0.51403207,a glass jar with a picture inside of it
6.868513,0.86314595,2.7509193,a woman wearing a black and gold dress
7.4237604,0.88931066,2.5498803,a girl in a maroon shirt playing a clarinet
8.088461,1.2331761,2.2772593,a woman wearing a dusty pink bridesmaid dress
7.9052353,2.2888484,0.022542916,a close up of a statue of a dog with a butterfly on it's wing
5.234986,4.230917,2.0709653,the experis manpower group logo
4.744069,2.7608132,0.20615128,a group of men standing on top of a boat
8.8022585,5.235409,0.105252676,a store filled with lots of different types of cleaning products
6.948414,4.2993402,2.0285857,a bunch of boats that are sitting in the water
7.36651,0.32703042,2.570071,a woman in a white shirt and beige pants
4.7908425,2.7381105,-0.4987619,a group of people standing around a turkey
8.905603,1.4471565,-0.2533258,a close up of a cell phone connected to a usb cable
8.376607,0.9190925,0.48158535,a close up of a ring with a skull on it
5.518302,3.8527036,2.0170047,an artist's rendering of a building on a city street
4.0572677,4.8297887,1.3771436,a graph that shows the number of people in the city
8.075852,2.4919307,-0.7736325,a close up of a bowl of crackers
4.94275,2.869017,-0.4017252,a group of people cutting a ribbon in a room
6.1018357,3.9634771,1.2556162,a house that is in the grass
5.749163,2.2308984,2.934174,a black and white photo of a mountain range
5.755936,3.5228474,2.6709602,a large stone building with a clock tower on top of it
7.1405053,4.5270176,0.12761521,a patio with chairs and a table in front of a house
9.324989,1.6460606,1.5638168,a black and white baby crib on a white background
7.3735375,3.1170185,-0.92732644,a bag of koongs chewy treats sitting on a table
6.3556933,4.5219564,2.3765256,a large jetliner sitting on top of an airport tarmac
5.90925,1.9122994,1.2397431,a man standing in front of a barrel of beer
4.8619494,2.672853,-0.63100797,a group of people that are playing guitars
8.52114,4.5835834,-0.47184744,a bathroom with a sink and a toilet
7.572644,2.5154452,-0.9083218,a pair of sunglasses sitting on top of a table
9.242354,5.385008,0.6941307,a living room with a couch and a window
6.3358107,1.90881,1.994468,a painting of a man in a black hat
8.698877,2.6706128,0.94023675,clear plastic tubes on a blue background
6.890173,0.6250589,2.3984945,a woman in a white lingerie posing for a picture
8.194903,5.7267413,1.3012469,a bedroom with a bed and a closet
8.005133,1.3872918,1.4018363,a rubber duck with a red and yellow checkered tie on it's neck
5.467537,3.0479302,-0.34193125,a group of people sitting around a living room
5.9044924,1.6222521,2.5452163,a black and white photo of a man standing next to a car
7.988358,2.4630482,-0.49562496,a close up of a bunch of flowers on a table
7.9007397,1.1790215,0.08216982,a close up of a person holding a button
8.068203,5.7264347,1.5657852,a bed room with a neatly made bed and a flat screen tv
5.0417895,3.7144563,1.5348358,a poster for a concert with a monster face on it
6.3223796,1.4438852,1.8482487,a woman standing in front of a brick wall
9.343235,5.362654,0.7244064,a living room with a couch and a table
5.799135,3.6859407,2.5057914,a street at night with a tower in the background
8.315561,3.2082412,-0.30888936,a carved box with flowers and birds on it
9.021413,1.4605924,-0.22619298,a close up of a computer motherboard with a cable connected to it
4.4710517,4.3169656,0.98793805,a screenshot of a number of reviews on a website
7.50196,3.2022202,2.1842873,a black bmw suv parked in front of a lake
7.879078,3.6461468,-0.31026793,a table set with white plates and silverware
8.236447,5.765089,1.2509634,a bedroom with a bunk bed and a desk
5.859032,1.5884522,1.3415294,a police officer standing in front of a statue
9.413315,1.4359779,0.79012334,a close up of a metal object on a white background
7.277389,3.4080262,-1.6228329,a machine that has a lot of bottles on it
8.521734,4.0304193,1.0246506,a dinosaur skull mounted on a brick wall
8.003928,0.98026395,1.1645658,a hand holding a small purple elephant on a gold chain
7.869426,3.195081,-1.0601779,three pieces of chocolate with an egg on top
8.461678,0.9314076,1.1174853,a leather strap with a blue and white design on it
4.4536424,2.3514695,-0.08679272,a group of people holding up signs at a protest
8.962601,1.9004551,-0.46662283,a kitchen faucet with a metal handle
5.348022,2.0849626,-0.38481152,a man and a woman working out in a gym
8.901705,7.1289716,-0.39579123,a living room filled with furniture and a christmas tree
7.2687593,3.4116206,2.0216987,a row of white vans parked in a parking lot
8.101799,5.5575113,1.1562371,a bedroom with a large bed and a large window
5.115805,1.8730251,-1.0235242,a comic page with a woman talking to a man
6.773301,1.6048018,2.0323968,a man sitting on top of a chair in front of a green curtain
5.8679194,2.0590563,-0.9147012,a couple of clamps sitting next to each other
7.7666864,2.7777617,-0.076523066,a vase of pink roses sitting on a table
8.160185,5.7513537,1.3846501,a hotel room with a large bed and a desk
7.82738,3.4703019,-0.3995415,a white bowl filled with black beans and tofu
7.1543036,0.3624741,2.3599548,a woman with long hair wearing a white top
9.396748,5.572529,0.49744433,a living room filled with furniture and a flat screen tv
9.108986,1.2104036,0.705014,a close up of a bracelet on a white background
7.9345694,3.3468359,-1.2341222,a package of lasagna lasagna lasagna
7.8690157,3.4968781,-0.5068603,a white bowl filled with food on top of a wooden table
8.099613,1.5710244,1.2314359,a crocheted potted plant with purple flowers
6.9806676,0.8494875,2.5760832,a woman wearing a colorful kimono
5.3577013,4.658851,1.9612654,a map of the kubera cave area
6.0787015,1.7260587,2.410704,a black and white photo of a man sitting on a couch
8.071901,1.1671597,1.6480665,a rollo hanging bag with various items in it
6.583943,1.2702205,0.47451803,a woman holding a baby in her arms
9.322509,1.3486624,0.6710232,a camera lens on a white background
8.9013815,7.151942,-0.4052926,a living room filled with furniture and a fire place
8.209033,1.2396364,2.294671,a pair of pink and black sandals
4.610747,2.2380967,-0.045459554,a group of people standing in front of tents
5.802069,3.5517452,2.6890697,a paper model of a castle with a clock tower
6.609051,0.83601296,2.1602023,a woman in a white dress standing on a red carpet
6.8516483,3.2835996,-0.5115526,a pile of different colored saddle covers
5.931453,3.783122,1.8358755,a building with a map on it and a parking lot in front of it
5.186283,4.1395407,2.0373611,the rv ribble valley business awards logo
5.1572676,4.683403,1.8463621,an old map of the united states
5.5658665,1.9898748,-0.2204791,a woman and a child are painting a bus
8.526351,2.590874,-0.26004046,a black case with a pair of scissors in it
7.934839,2.2102184,-0.107249536,a birthday card with a butterfly on it
5.687581,2.391439,2.9438314,a black and white photo of a city street
5.030699,1.6592879,-0.48293862,a man and a woman standing on a red carpet
7.981466,3.3204608,-0.61033636,a white plate topped with a salad on top of a table
7.9899416,3.466006,-0.5197259,a doll sitting on top of a white plate
7.8467207,0.60143703,1.1623114,a pair of red earrings on a black background
8.241213,5.782172,1.1922317,"a bedroom with a bed, desk and a chair"
8.434226,0.9187094,0.39473695,a wedding ring sitting on top of a feather
8.261871,1.9527532,0.103181295,a close up of the front of a motorcycle
7.837194,1.2833637,0.08673702,a person holding a cell phone in their hand
7.2637978,3.4413362,-1.5875179,a machine that is on a white surface
8.8979645,7.151588,-0.4079463,a living room filled with furniture and a fire place
3.676433,5.1034775,1.478275,a bar chart showing the number of bitcoins in bitcoin futures
8.8914795,3.696309,-0.48399466,a metal storage cabinet with several shelves
5.9757595,1.590047,2.5460882,a black and white photo of a man in a suit
8.222112,3.2025626,1.6677451,a red couch sitting in front of a brick wall
6.7247534,0.9843492,1.4712476,a woman wearing a virtual reality headset and headphones
9.323365,1.7291715,1.4450246,a silver car on a white background
6.7998214,4.3945365,2.124509,a large boat traveling across a large body of water
8.672343,1.4472135,-0.28389618,a close up of a cell phone on a pole
6.4673567,1.3037797,0.37870762,a woman holding a child in her arms
7.247563,0.536186,1.9519582,a woman with long brown hair wearing a necklace
9.1717,5.769782,0.47281042,a living room filled with furniture and a wooden floor
4.9141016,1.8463731,-0.41134384,two men shaking hands in front of flags
7.0507708,3.324274,-0.9180857,a christmas tree with a heart on top of it
6.9106092,0.816879,2.8623662,a woman wearing a black dress and heels
7.2171073,0.4199278,2.785519,a woman wearing a black blouse and leather pants
7.6829996,3.528778,-0.84867114,a black blender sitting on top of a counter
9.404011,1.4144248,0.79895467,a close up of a metal object on a white background
7.8365126,3.1875894,-1.0193855,three pieces of soap sitting on top of each other
3.8976517,4.890129,1.377312,a line graph showing the number of covidid cases
7.424134,3.430047,-1.5882376,a machine that is sitting on top of a table
7.1798596,3.9735475,-0.46383646,a group of chairs sitting in a circle on top of a wooden floor
4.948077,2.1121314,0.1691212,a group of women standing next to each other in front of a window
4.116169,4.7434645,1.1805068,a green line graph with a green arrow
7.5557556,0.6780078,2.5902855,a man in a blue shirt holding a sword
5.6810327,1.4749236,1.2454149,a man in a military uniform standing in front of a group of people
5.5790014,3.098842,-0.39958984,a group of people sitting around a wooden table
3.8601391,4.9371758,1.335923,a bar chart showing the number of business segments
5.02328,1.9411403,0.031436246,two women standing next to each other in front of a fence
7.970663,3.1782472,-0.9949423,a white plate topped with cupcakes covered in caramel
7.874878,2.7993782,-0.33394945,a vase filled with lots of flowers on top of a table
7.1288333,0.92988825,2.431572,a woman in a green bodysuit posing for a picture
5.1340294,2.2070947,-0.9930158,a zombie holding a gun in a room
8.512348,5.2613006,0.19276121,a bookshelf filled with lots of books in a library
7.8455353,1.2742016,-0.02500446,a person placing a piece of a puzzle
6.4680614,4.27217,1.4791517,a river running through a lush green field
5.3785176,3.4677427,1.6470081,a painting of a house on the cover of a magazine
8.043806,2.2356455,-0.7459857,a close up of a revolver on a table
8.105983,1.8096011,-0.020861357,a close up of a pair of shorts
6.5788927,2.52757,0.4157327,a drawing of a woman sitting on a chair
5.5259986,3.849371,1.8943998,this is a computer rendering of a house
6.8042736,2.314568,-0.79600424,two amps sitting next to each other on a gray surface
9.017139,1.2885691,-0.110275865,a sony mirrorless camera with a 32 - 70mm lens next to it
8.9376745,1.8383344,-0.4365477,an advertisement for the auto stop safety razor
5.1228585,3.6658237,1.4637569,a book cover of the ringed castle
8.991299,1.3597578,-0.169302,a camera is shown with all of its accessories
5.4171286,4.54691,1.9167995,a map of a park with a river running through it
8.181804,2.201322,-0.6278281,a close up of a spider on a wooden surface
6.593154,3.8761876,1.2364808,a bamboo tree in the middle of a forest
5.2340546,4.829104,1.9594198,a map of africa with red and green areas
7.6856313,3.5265212,-1.064584,a gps device sitting on top of a counter
7.923832,2.7957168,1.9053475,a red motorcycle parked on a white surface
7.8476906,4.523436,-0.3459,a wooden table and chairs in a room
8.764926,3.7485495,-0.51431,a wooden shelf filled with lots of jars
9.377433,1.4728609,0.62642,a close up of a video switcher on a white background
8.544187,3.2976983,-0.55331373,a jewelry box filled with rings and bracelets
6.934401,2.9897726,-0.6472166,a group of three purses sitting on top of a table
8.192845,5.570394,1.352151,a bedroom with a large bed and a ceiling fan
7.596981,3.5556126,-1.2462707,a table topped with lots of cookies and cupcakes
5.14433,1.9828086,-0.9927275,a cartoon picture of two people in a room
5.204715,1.8264211,-0.9032905,a man and a woman sitting next to each other
6.2320733,4.2749543,2.314334,an image of a space ship in the sky
4.731744,2.8080919,0.124301985,a group of men standing on top of an airplane
7.885166,2.7878428,1.5085992,a couple of red skateboards sitting on top of each other
8.390615,1.2282757,-0.18800786,a close up of a lure on a hook
6.153792,4.1801863,2.2764754,a plane with the words a travel ban cx story
6.5566607,0.9092824,2.1128473,a woman in a wedding dress standing in a room
6.5173,0.6910064,1.5296689,three dresses on mannequins in front of a window
8.199105,5.7884316,1.2766522,a bedroom with a four poster bed and chairs
3.8482068,5.028888,1.4560807,a graph that shows the number of bank notes in each country
4.694553,2.6936934,-0.09680613,a group of people standing on top of a stage
8.112978,2.271686,-0.6114031,a close up of a vase on a table
6.563462,0.48828873,1.6152078,a wedding dress on a mannequin mannequin mannequin mannequin mannequin mannequin mannequin
9.472005,5.518057,0.39680755,a flat screen tv mounted on a wall in a living room
6.0819616,4.6258445,2.0090957,a view of a city from the top of a building
9.266173,1.249966,1.6802142,a pair of sunglasses on a gray background
6.6213055,4.9182324,1.6971543,an empty room with a view of the city
9.5547,1.3122021,1.1034558,a pair of gold - plated microphones on a white background
9.036392,1.3088646,-0.15428981,the panasonic 4k camcorder is shown
7.943434,1.584136,-0.271218,someone is stitching a piece of fabric with a needle
9.588263,1.3639797,1.0879531,a stainless steel beverage dispenser on a white background
7.0498424,3.227832,-0.86934954,three christmas trees made out of balls on a table
8.909272,1.898343,-0.38962036,a close up of a brass and white water faucet
5.963177,1.6183406,2.64432,a black and white photo of a man with a mustache
5.6783037,2.6817722,1.3533562,a man hanging from a rope over a body of water
5.135669,3.7748916,1.1392714,"gordon macke's album, the best things in life are free"
7.6324387,2.5224729,-0.89894146,a pair of scissors sitting on top of a table
6.415115,3.991549,1.2603426,a small building sitting on top of a lush green field
5.335902,4.3898873,1.9284225,a map of a city with lots of buildings
9.365872,1.4186045,0.586545,a close up of a camera on a white background
9.031926,1.1950626,1.1499249,a dog collar with a bow tie on a white background
8.481498,3.354369,-0.46749708,a wooden box filled with assorted fruit
8.60738,4.603896,-0.41432288,a bathroom with a walk in shower next to a bathtub
3.8769672,4.9262085,1.2863394,a bar chart showing the amount of student activity by day
7.992129,0.6657991,1.1663465,a blue rose and pearl necklace and earring set
8.567407,6.108664,-0.11718668,a bald man sitting on a set of stairs
6.3613477,0.5656442,1.4944475,a mannequin dressed in a suit and tie
7.466157,3.8228414,-1.3820502,a table that has a number of dates on it
6.9077954,3.6354187,0.72460204,an owl with big eyes sitting on a branch
8.895495,6.310816,-0.009660129,a living room filled with furniture and a staircase
8.226689,5.0716357,-0.07777385,a cluttered work space with a desk and chair
6.161913,3.51833,1.8986033,a utility trailer parked in front of a building
4.829989,2.3154929,0.43934265,a group of people walking across a snow covered field
7.99831,1.2040384,-0.018393474,a close up of a person holding a needle
6.907773,4.3551726,1.9968022,a boat sitting on top of a body of water
9.454367,5.5615244,0.40963635,a living room filled with furniture and a flat screen tv
6.0770283,2.048484,1.5073966,a man in a suit standing in front of bamboo trees
9.047718,4.974405,0.9284958,a bride and groom sitting on a couch with their dogs
4.7802625,4.1066427,1.4775394,a poster with the words coping with stress during the 2019 covid outbreak
8.087709,2.2847803,-0.60567784,a close up of a glass object on a table
7.8181205,3.2734156,-1.1164576,a bunch of brownies sitting on top of a piece of paper
6.1407695,4.056851,1.2195314,a house with a large lawn and a patio
7.094143,5.0738077,1.4029745,a bedroom with a view of the water
7.857263,5.344271,1.0908136,a room with a door and a sign on the wall
5.9662385,3.8852391,1.5456183,a large house with a driveway in front of it
6.3339186,4.6011457,1.613508,a golf course with a view of the ocean
5.37768,3.09493,-0.2506517,a group of people sitting outside of a restaurant at night
5.1454916,2.9551547,-0.47355932,a group of people standing around a table covered in blankets
5.766947,3.6264007,2.6369889,a large building with a clock tower on top of it
9.084476,3.6731417,-0.17664869,a wooden chest of drawers on a white background
6.122273,1.9686334,-0.8347279,a drawing of a piece of pipe and a drawing of a piece of pipe and a drawing of a pipe and a piece of pipe
8.927601,4.368506,-0.0075552105,a walk in closet with a chandelier and drawers
7.7738523,0.5533791,0.99871165,a pair of earrings on a wooden surface
7.552332,0.50556487,2.684482,a grey long sleeved shirt with a chest pocket
7.7922993,0.5637629,1.0041138,a pair of earrings with a coin on them
8.396913,1.3888782,-0.1524646,a person holding a camera and a cell phone
9.494682,1.3792334,1.0566326,a small butane lighter on a white background
4.4550486,4.3370957,0.9982132,a screenshot of a calendar with a date circled
8.080727,0.9091294,0.30345434,a woman's hand with henna tattoos on it
9.344875,1.5054512,1.3150897,a white and black object on a white background
8.349793,3.378692,0.09942821,four stuffed peppers on a blue and white plate
7.224209,4.65247,0.09702098,a patio with a table and chairs under an umbrella
7.360784,2.7977393,-1.1017339,two glasses of orange juice sit on a bar
6.749837,3.752505,1.1053895,a field full of cotton plants with a sky background
8.923571,3.8363163,-0.48635608,a black cabinet with a door open
8.621184,5.118476,1.4016753,a futon mattress with a black cover
5.951443,3.8430696,1.6093172,a two story apartment building with a driveway in front of it
8.536154,3.100047,-0.39792654,a wooden box with a key on it
7.269236,0.78281677,3.0210712,a man dressed as darth vader and a woman dressed as darth vader
8.025887,5.706795,1.3068132,a bed sitting in a bedroom next to a window
5.6648493,2.4091136,2.946972,an old black and white photo of a family
5.9764457,4.066956,1.2315034,a small house with a deck and patio
7.0030913,3.0829723,-0.8303544,a bunch of balloons that are shaped like the moon
8.884704,6.310636,-0.016092982,a living room filled with furniture and a staircase
7.8370533,3.6207683,-0.46053848,a set of dishes and utensils on a wooden tray
7.073922,2.819533,-1.3085992,a glass of lemonade next to a bottle of gin
7.060704,0.56224537,2.9600246,a woman wearing fishnet stockings and high heels
8.327055,4.300165,-0.15846728,a computer screen with a fish on it
4.9868674,2.2443914,-0.8713737,a couple of men standing next to each other
4.927527,2.94415,0.042063266,a group of people sitting on the back of a truck
8.184981,5.036063,-0.07738919,a home office with a desk and a chair
8.387728,2.159164,1.0317464,a close up of a doll with blue hair
7.5107436,2.9643633,2.1014304,a black motorcycle parked in a parking lot
8.851901,3.8264499,-0.4308761,a wooden cabinet with a shelf on top of it
8.564802,5.3464394,1.4980142,a bed with a comforter and pillows on top of it
5.040917,3.7585313,1.553034,the final tour poster for kiss end of the dark
7.7676935,0.559464,1.0114548,a pair of earrings with eiffel tower charms
4.478049,2.3436007,-0.115947366,a group of people standing next to each other holding signs
6.6618853,0.9374197,1.3355737,a woman with glasses smiling at the camera
7.5105224,2.7974455,2.044658,a black and white motorcycle with a black seat
6.7136183,0.70690626,2.2508163,a woman in a white dress walking on a wooden floor
5.7846456,2.5199401,1.2871113,a man riding a surfboard on top of a wave
5.801097,3.6096308,2.5979574,a model of the eiffel tower lit up at night
7.5405436,2.696664,2.0207481,a man standing next to a white motorcycle
5.204921,1.7969933,-0.9415085,a man and a woman sitting next to each other
7.4147325,3.438996,-1.6127117,a lamp that is sitting on a table
7.608996,0.553048,2.5923111,a man wearing a navy t - shirt and shorts
9.006633,4.6492467,-0.89297354,a kitchen with wooden cabinets and granite counter tops
8.9947195,1.6717744,-0.46623823,a car charger in the center of a car
8.002142,0.8508792,0.30305222,two hands with henna designs on them
5.1517673,2.6426287,0.26140118,a group of men playing a game of basketball
9.318525,1.2293303,1.5827014,a pair of sunglasses on a white background
4.804788,2.7016516,-0.30261675,a group of people standing around a small air compressor
8.040698,2.8965416,1.7902094,a red and white building with a red door
5.2230077,1.7856048,-0.8771139,a man and a woman sitting next to each other
5.55527,3.818364,2.019897,a collage of photos of a modern building
6.416961,4.4731393,2.4044352,a fighter jet flying over the ocean at sunset
6.976156,0.9502103,2.4150805,a woman in a green dress smiling at the camera
8.937587,3.8330488,-0.29808196,a wooden chest of drawers in a room
5.1623645,1.9431298,-0.04447115,two young girls standing next to each other holding toothbrushes
6.5198045,0.50397074,1.5290576,a mannequin head with a scarf on it
7.0146437,1.0290612,2.491467,a woman in a red dress posing for a picture
5.3600726,3.0784051,-0.19540745,a group of people sitting on top of a stone bench
7.815135,2.9930933,-0.2022064,a painting of a tea cup and saucer
7.431588,0.9079593,2.4740949,a green t - shirt with a picture of a man on it
8.755562,4.793083,-0.73447067,a kitchen with a center island and stools
8.380486,1.9031321,0.1806595,a close up of a motorcycle engine on a dirt bike
9.090883,1.934977,1.65174,a red classic car on a white background
5.846822,3.485586,2.4722412,a large brick building sitting on the side of a road
8.574741,2.5614789,0.9588618,a blue and white image of a plant
5.736874,1.4601164,1.3109848,a man standing in a gym with his arms crossed
6.2531877,4.1446705,1.2834361,a green tennis court with a white line in the middle of it
6.8648086,0.65275013,2.2987275,a woman with long brown hair wearing a white dress
5.1452556,4.11279,0.80704266,the mystery of the black hole mine
9.292561,5.4382896,0.7094126,a hotel lobby with couches and tables
8.181537,0.9707799,0.3011892,a close up of a person wearing rings on their fingers
5.728636,2.5537703,1.3590523,a man riding a zipline on top of a crane
8.304604,0.9475807,0.9189426,a ring with a purple stone surrounded by diamonds
8.4980135,3.6217897,0.7197381,a hallway with blue walls and wooden floors
9.571954,1.4881663,1.1088145,a set of gears on a white background
5.481296,3.8724382,2.0736125,an artist's rendering of a large office building
9.27723,1.2507181,1.7196599,a pair of blue shorts on a white background
5.707284,2.4096873,-0.58577055,a bunch of flags flying in the air
7.432484,3.461507,-1.5628804,a machine that is sitting on top of a table
5.981773,1.5844251,2.6547153,a black and white photo of a man smiling
8.355074,0.88796335,0.47774464,a ring with glowing stars on it
5.142399,2.8445635,-0.010936045,a group of people standing around a man laying on the ground
5.9804406,4.693434,2.3264623,an aerial view of an airport with planes parked in the lot
6.1798315,3.6685243,1.6436845,a house with a car parked in front of it
7.5090003,3.7670212,-1.4440967,a table that has a lot of numbers on it
8.146522,5.7017913,1.4777114,a bed room with a neatly made bed and a television
5.7103877,2.296915,2.9503365,a black and white photo of an old building
8.601657,3.0567153,0.9608151,a blue car with hot wheels on it
5.401902,2.9819489,-0.3700173,a group of people sitting around a table in a room
5.7787204,1.4857953,1.305491,a man standing at a podium in front of a stained glass window
5.3530097,3.7458625,1.6401213,a magazine with a picture of a city on it
9.574249,1.4281448,1.1744047,a close up of a bicycle chainring on a white background
6.713865,4.366243,1.659659,a body of water surrounded by trees and rocks
6.6229115,2.7454226,0.34281796,a cartoon of a man working on a computer
8.112983,0.7498404,1.1229756,a necklace with a blue stone on it
7.6954956,0.7488644,2.4398537,a woman in orange pants and a purple top
5.1934757,1.829847,-0.5256923,a little boy dressed as an elf standing next to a horse
5.161618,3.709586,1.3703833,the cover of lady of sherwood
5.9377384,3.807126,2.4986336,a helicopter that is flying over a building
8.08584,2.7128315,1.7064531,a close up of a red and white quilt
9.154924,1.3299531,1.2440238,a diamond and emerald necklace on a white background
6.4972835,4.53631,1.9985793,the city skyline is reflected in the water
6.2722764,3.181269,1.6045337,a car driving down a snow covered road
4.8819017,2.1922624,-0.730447,a couple of men standing next to each other holding guns
5.8079467,3.7024655,2.507374,a building that is lit up at night
8.635358,2.734256,-0.4011092,a metal padlock sitting on top of a credit card
5.0304084,1.6483846,-0.50184834,a man and woman standing on a red carpet
4.2700515,4.671392,1.1357298,a chart showing a bearish triangle and a bearish triangle
4.706645,2.5994022,-0.5832276,a group of people waving their hands in the air
5.2173076,2.5924163,-0.06573032,a group of people practicing boxing in a gym
8.980626,5.5788436,0.37435222,a dining room filled with furniture and a large window
8.802643,4.7555904,-0.8066925,a kitchen with a center island and bar stools
6.5905423,0.5046534,1.6484075,a white wedding dress on a mannequin mannequin mannequin mannequin mannequin mannequin manne
5.5491223,4.3262815,2.108776,the neighborhood council logo with trees and houses in the background
6.010019,1.8990152,2.798487,a black and white photo of a cat with big eyes
6.0066433,3.7962573,1.5968688,an apartment building with a walkway and bushes in front of it
5.647638,2.9217715,0.4144722,a dog laying on the floor next to a pile of papers
6.603902,4.321551,2.2934194,a group of people on a boat watching a whale
8.87103,4.7213674,-0.7528397,a kitchen with a stove top oven and a sink
5.5444713,2.8624916,1.3803904,a movie poster with a man diving in the water
9.465535,1.719971,1.6793792,a white ford ranger pickup truck on a white background
9.256006,1.5827665,1.4836342,a decorative pillow on a white background
8.9478445,1.4977386,-0.2955054,a tripod with a ball head on it
7.189799,0.49694312,2.8359447,a woman wearing a black jumpsuit and white sneakers
7.343848,2.4787276,2.0417426,a man riding a bike wearing a helmet and sunglasses
5.943713,4.8245463,2.1855597,an aerial view of a city with a lake and mountains in the background
8.599918,4.236753,-0.23944595,a fish tank filled with lots of different types of corals
9.230277,1.3608571,1.7860057,a pair of black sandals on a white background
9.0181465,1.5705848,-0.4489471,a set of jumper cables and a battery charger
7.259409,4.364348,-0.13468964,a hot tub sitting on top of a balcony
7.181658,0.57786477,2.2578394,a woman wearing a fur hat and scarf
9.012108,3.9840858,-0.16641317,a dresser and a chest of drawers in a room
9.044932,1.3913298,-0.12945837,a close up of a camera head on a tripod
6.519159,0.45784006,1.5744154,a blue and black jacket on a mannequin mannequin mannequin mannequin mannequin mannequin mann
5.1602125,3.9282706,0.60347044,"a quote that says surround yourself with people who believe in your dreams, encourage your ideas, support your ambitionss and bring out the"
9.256728,1.9844854,1.7700522,a striped chair and ottoman on a white background
7.2547603,2.9573333,-0.9671402,a group of cans of soda sitting on top of each other
7.3262763,4.202075,-0.30453604,a hot tub sitting on top of a wooden deck
7.3014793,0.73185796,2.257788,a woman wearing a green knitted hat
8.7568445,4.3901315,-0.8583479,a white room with black tables and shelves
8.953555,3.6593306,0.06870519,a blue chest of drawers in a room
8.48853,3.7766466,-0.8920869,a collage of a variety of food items
5.9142084,2.0619044,-0.9233299,a couple of stuffed animals sitting next to each other
8.176163,2.6499777,-0.42256367,a lit up glass box with a flower on it
3.989667,4.8898067,1.3529861,a graph that shows the number of people in the world
6.3466363,3.6823945,1.8593404,three small cars are parked in a parking lot
6.958343,0.8552702,2.6117103,a woman wearing a green and black floral print dress
7.6940355,4.2741866,-0.4757125,a wooden table with chairs around it in a room
5.8088713,3.9198744,1.6481049,"a number of houses built in chapman, tx"
5.955622,1.6237859,2.644995,a black and white photo of three men with long hair
4.81555,2.237939,0.4479599,a couple of people walking down a snow covered street
8.2249155,2.160577,-0.5874506,a close up of a metal object on a table
8.182494,3.9539325,-0.67635375,a small wooden table with three drawers
6.5656266,0.91170615,2.3522797,a woman in a black gown posing in front of a white wall
4.2951,4.502813,1.0023756,a screenshote of a spreadsheet with multiple spreadsheets
7.7182527,3.6054275,-1.0090388,a digital scale sitting on top of a counter
8.548614,3.4055698,-0.18009031,a paper toy that is standing next to a box
3.7535603,5.024808,1.4039966,a bar chart showing the percentage of employment in the u s oil and gas industry
5.723008,3.5782688,2.5567045,a tall tower in the middle of a field
9.410882,5.609956,0.4905159,a living room filled with furniture and a flat screen tv
9.002592,4.636393,-0.852593,a kitchen with white cabinets and black appliances
5.113108,1.7562702,-0.7656812,a woman standing next to a man at a dinner table
9.43664,1.4517878,0.7606144,a close up of a turbochack on a white background
8.125119,1.9893152,-0.07438914,a cell phone case with an image of a butterfly
8.066096,1.1596212,1.8953003,a purple handbag with brown handles
6.8306084,4.805746,1.0918176,a view of the ocean from a covered patio
7.5799675,3.4769151,-0.37161708,a white and black purse sitting on top of a table
6.049378,1.191776,1.9215469,a man in a white shirt and tie in a dark room
5.9832077,3.5592952,2.0941246,a toshiba sign on the side of a building
7.704902,3.5910673,-0.489116,a black and white kettle sitting on top of a stand
7.5093145,0.6562388,2.7417681,a woman in a blue shirt and grey skirt playing golf
6.9592786,1.0651776,2.4963796,a woman in a yellow dress holding a violin
9.126782,6.063725,0.15729845,a living room filled with furniture and a chandelier
4.861061,2.804915,0.08677099,a group of people standing around a horse drawn carriage
5.0872517,1.7062585,-0.48402783,a man and a little girl walking on a beach
5.206672,2.577357,0.4215387,a group of people on a field playing football
8.993656,1.5700748,-0.44919953,a bunch of cables that are connected to each other
8.631164,3.2592568,0.8973459,a small blue house with a hammer sticking out of it's roof
5.3687706,4.785851,1.9526247,a map of canada showing the major lakes
8.948766,5.3320117,0.7245154,the interior of a luxury car
4.884807,4.152981,0.70781696,a number of different types of jobs
7.6641297,3.6606362,-0.5276158,a wooden table topped with plates of sushi and chopsticks
7.2620816,0.42453873,2.7811077,a woman wearing a brown jacket and black pants
9.181117,1.3026043,1.0861034,a diamond ring on a white background
6.3505244,4.4107857,2.441759,a large air plane flying through a blue sky
3.861889,4.951724,1.3248304,a bar chart showing the number of sales items sold
6.2905755,1.3273783,2.7511103,a black and white photo of a woman in a dress
3.806974,5.0081496,1.4035699,a bar chart showing the number of people in the united states
5.8793125,4.799224,2.2097516,an aerial view of a skate park with graffiti
4.7694006,2.654853,-0.63627785,a group of people standing next to each other
7.4764037,0.5501941,2.6884372,a mountain hardshell jacket
8.353609,0.8924358,0.8664699,a silver ring with a turquoise butterfly on it
4.140005,4.694886,1.0969076,a chart with a red line and a blue line
6.3178062,2.3490055,0.17252597,a woman sitting at a table in a restaurant
7.642765,2.390778,-0.86077857,a pair of black earphones sitting on top of each other
5.0304427,1.7120777,-0.6697583,a man and a woman holding hands on the beach
7.967354,0.61720675,1.0503969,a pair of earrings with blue and white beads
8.61445,4.5087423,-0.42138928,a bathroom with a sink and a mirror
9.565854,1.7456195,1.1429001,a car alter and wiring kit on a white background
6.7468495,2.597246,0.4815975,a woman sitting on top of a couch next to a lamp
8.900882,7.141368,-0.39895615,a living room filled with furniture and a fire place
8.293361,5.7045636,1.449884,a bed room with a neatly made bed
8.648701,4.253565,0.92840964,a close up of a guitar on a wall
6.200074,3.590685,1.590854,a man is taken away from a police car
7.5541797,3.4112468,-1.5265036,a bunch of cigarettes stacked on top of each other
9.017422,4.637644,-0.84991205,a kitchen with wooden cabinets and stainless steel appliances
8.603133,4.504425,-0.44014335,a bathroom with a sink and a mirror
7.895322,3.5341594,-0.29621276,a group of silverplated tea and coffee sets
7.8943176,2.8758693,1.8101171,a red toyota avalon driving down a road
7.3016963,1.3991215,2.1924329,the michigan state spartans logo on a green background
4.4780545,4.420237,0.8754605,a spreadsheet spreadsheet spreadsheet spreadsheet spreadsheet spreadsheet spreadsheet spreadsheet spreads
7.55205,3.4829228,-1.4339794,three tiered trays of food on a table
4.7454953,2.6940734,0.24497697,a group of men standing on top of a construction site
9.386577,5.6201,0.4742104,a living room filled with furniture and a flat screen tv
6.700688,1.4650444,2.3550744,a golden retriever being presented at a dog show
6.428449,1.2142559,2.7786145,a soccer player in a black and white uniform
7.4722486,3.6309938,-1.4646741,a table with a bunch of different items on it
8.33573,0.88778055,0.8955927,a silver ring with a blue stone in the center
6.5408435,4.225975,1.474601,a large waterfall in the middle of a lush green forest
6.7090836,1.2750546,0.5156754,a woman holding a ball in her hands
8.030384,3.839107,-0.47883847,an open laptop computer sitting on top of a white surface
6.6489735,0.580528,1.7229084,a white dress on a mannequin stand
8.738775,1.5091116,-0.18244198,a close up of a black electronic device
8.132753,5.6463475,1.5013785,a bed room with a neatly made bed and a television
7.36137,1.0679121,2.6031725,a woman in a blue and yellow shirt throwing a frisbee
7.9962306,2.8438303,1.8677759,a red and silver motorcycle parked on the side of the road
5.153169,2.0641458,-0.9965691,a man and a child are playing in a room
4.939131,2.0122466,-0.8136721,a man and a woman standing next to each other
5.6319633,2.5484939,2.9370427,an old black and white photo of a building
6.5819616,3.8972437,1.2374966,a field full of tall grass with trees in the background
6.929034,4.4357963,0.5120043,a view of a garden with a bench and mountains in the background
8.112535,2.339264,-0.59054464,a penny sitting next to a glass mosaic
6.7774525,4.413097,2.2291167,a large cruise ship docked in a harbor
5.06502,2.4796743,0.31078896,a group of girls running on a track
5.592422,4.0684752,1.2937137,a new home being built in a residential area
8.8907995,7.1545715,-0.41104925,a living room filled with furniture and a fire place
9.100307,4.7080197,-0.530483,a display of panasonic microwaves in a store
8.752504,3.5294588,0.75258636,a kitchen and living room with a blue couch
8.735986,4.7537093,-0.5836548,a kitchen with a sink and a window
7.1555243,3.209003,-0.9551294,a bunch of cubes that are in the shape of a heart
7.5430245,2.6673114,-1.0192018,a pair of ear buds sitting on top of a table
4.175813,4.998709,1.5945703,a map of the united states showing the number of people in each country
6.736097,0.9078281,2.6077423,a woman in a black dress posing for a picture
5.6885457,2.877779,0.4120034,a cat laying inside of a tunnel on top of a rug
3.8013563,5.0100465,1.429549,a bar chart showing the number of people in the united states
5.2213883,3.0109124,-0.0953804,a group of children sitting on top of a bed
8.196505,1.3514036,1.3494265,a red and yellow tie bar with a crown on it
7.3598666,4.4787855,-0.112411015,a patio table with chairs around it
8.132451,5.6248293,1.473203,a bed room with a neatly made bed and a flat screen tv
8.555749,4.30996,0.76082444,a sculpture made out of magazines in a room
8.075241,4.4280467,-0.5527519,a desk with a monitor and keyboard on it
4.823823,2.4867926,-0.86209804,a couple of people that are on a stage
6.1495442,4.3550353,2.2983806,a lightning bolt in the sky over a city
5.5101056,2.4792027,1.0227098,a crowd of people watching a man on a skateboard
4.8518076,2.3907657,-0.88098663,a couple of people that are walking in the dirt
6.872148,4.345696,1.7089852,a girl scout cookie with a lake in the background
4.7423935,2.407525,0.17227685,a group of people standing in front of a building
4.7790294,2.298079,0.34747714,a group of people walking down a sidewalk next to a building
8.697822,2.9290485,-0.3820882,an open and closed safe box with a key lock
5.9674263,2.2676756,-0.03901377,two women sitting at a table with a cat
6.0509396,4.5258946,2.0842063,a weather map with the sun and clouds
6.9928923,1.0861858,2.4902384,a woman in an orange dress holding a microphone
6.020711,3.8303971,1.4000386,a couple of houses sitting next to each other
6.434361,2.3384843,1.1147153,a drawing of a woman riding a dragon with a castle in the background
6.1259837,0.8266188,1.3552141,a man in a suit and tie smiling
8.6545315,1.3933436,0.1375542,a close up of an alien head on a black background
9.530829,1.7289963,1.2929721,a green and red power supply unit on a white background
8.888025,4.718385,-0.70079356,a kitchen filled with lots of counter top space
6.097922,2.9480317,1.8951255,a painting of a farm scene with cows
6.8780174,4.398916,2.0740175,a large battleship floating on top of a body of water
9.456741,1.4396485,1.0234295,a close up of a black power cord on a white background
8.660468,2.9938705,0.901893,three blue golf bags sitting next to each other
5.542162,2.2502415,-0.755463,a couple of flags that are flying in the air
8.142977,3.0049071,-0.6591609,a person using a band saw to cut a piece of wood
8.099182,5.5465713,1.2641344,a bedroom with two beds and a picture on the wall
6.216554,4.105222,1.1312572,a house with a pool in the backyard
5.7433076,1.3466706,1.265723,a man posing for a picture on a stage
5.152027,1.8293114,-1.004807,a comic strip with a woman talking to a man
6.362815,2.0654173,1.7368201,a painting of a man on a brick wall
6.305545,3.553942,1.792438,the australian driver test app on an iphone
8.71471,3.4796774,0.83857757,a bedroom with a blue wall and a white bed
8.704035,1.4767345,-0.24309905,a close up of a cell phone with a broken battery
4.983638,1.8751738,-0.4209958,two men shaking hands in front of flags
7.3348727,0.8100033,2.4217737,a woman wearing a red jumpsuit
5.871296,2.171466,1.0072709,a man in a black shirt throwing a frisbee
8.467353,5.3457613,1.5590945,a bed with two green pillows on top of it
7.7631116,3.4525263,0.5573369,a church aisle decorated with white flowers and greenery
8.030845,2.3934805,-0.5756773,a close up of a cup with scissors and other items in it
7.4270096,3.7117581,-1.5653175,a table with a list of new orleanss
8.238167,5.8043547,1.2907081,a bed room with a bed a chair and a mirror
9.080163,1.3960861,0.28095612,a close up of a wheel on a white surface
8.927272,7.122274,-0.4371878,a living room filled with furniture and a fire place
7.4607363,0.40340555,2.557488,a woman in a white shirt and blue jeans
8.103435,3.0676813,-0.8250869,two slices of bread on a wooden cutting board
7.87292,3.6315827,-0.24423029,a table is set with gold and white place settings
6.156414,2.724581,2.2671008,a row of black and white cows in a factory
7.775247,0.5528718,0.94821,a pair of earrings with a lock and key
5.1007357,3.6924102,1.2009717,the cover of buddy miles's album
5.7529516,2.9332483,-0.26761606,a woman and two little girls sitting on a set of stairs
8.028278,1.7690136,-0.27098745,a close up of a piece of paper with writing on it
7.412651,0.8550314,3.0757353,a pair of black high heels with a gold skull on the heel
9.356036,5.414991,0.69582677,a living room with a couch a table and a refrigerator
8.393435,4.94332,0.6397213,a painting is hanging on the wall above a cabinet
9.204129,5.8151503,0.32867715,a living room filled with furniture and a lamp
8.12838,2.2235653,-0.646952,a close up of a shell on a table
3.7720604,5.058936,1.4493729,a bar chart showing the number of people in the united states
8.982316,4.693843,-0.7851817,a kitchen filled with lots of counter top space
8.250572,0.9853165,0.31383684,a close up of a person's hand holding a ring
8.088492,2.2514303,-0.60876036,a close up of a pair of shoes on a reflective surface
6.2108293,0.75153995,1.2541515,a close up of a person wearing a suit and tie
7.8385763,3.6536949,-0.39930576,a wooden table topped with white plates and silverware
8.945173,3.8016737,-0.3947674,a white cabinet with two drawers and a wooden top
7.384344,0.4162312,2.626809,a woman wearing a brown top and white shorts
8.006654,3.1659634,-0.94075716,a white plate topped with a piece of chocolate
6.171709,4.5072966,2.1059918,the sun is setting over the city skyline
9.105859,5.620886,0.48413852,a living room filled with furniture and windows
8.939686,7.1037507,-0.36189774,a living room filled with furniture and a fire place
4.7218075,2.7016225,-0.48777092,a group of children posing for a picture
8.852052,4.0216117,-0.38493794,a dresser with a mirror on top of it
8.971329,1.2952169,-0.10385199,a teddy bear sitting next to a camera
5.5291085,4.199742,0.6470669,a sign that says beware of zombies
8.0245285,5.655632,1.3211898,a bed sitting in a bedroom next to a window
7.1528053,3.4051797,-0.09123655,a dog sitting on top of a tree stump
8.555888,5.0457263,1.3441538,a mattress that is sitting on top of a box
8.609415,1.5415759,-0.18216723,an image of a black cell phone
6.5318165,4.3538203,2.2995412,a humpback whale jumping out of the water
8.070399,2.1539958,-0.586839,a close up of a table cloth on a table
4.390412,4.385421,0.9442164,a screen shot of a dashboard meeting
6.1973763,3.8938243,1.3158978,a house with a tree in front of it
8.197194,5.5943356,1.1885298,a bedroom with a large bed and sliding glass doors
3.7600775,5.0335765,1.4137487,a bar chart showing the number of mobile phones in the world
8.285677,1.6779321,2.2091405,a pink and white bedroom with two twin beds
7.5764933,3.596678,-1.0062308,a bunch of macarons sitting on top of a wooden table
7.298201,0.51519006,1.3501064,a close up of a necklace and earrings on a mannequin
7.8637633,3.0353837,-0.4668272,a potted plant with a garden fork on top of it
8.255498,0.8370969,1.0904495,a black and white diamond heart necklace
6.6069694,2.458524,-0.69336796,a pair of purses sitting on top of each other
6.973478,0.9682184,2.3728526,a woman in a long green dress
7.473821,0.62532765,2.77903,a woman in a blue shirt and black jacket
7.1509595,4.610601,0.1654076,"a patio with a table, chairs and a bench"
7.4590726,3.1767094,-0.392287,a person holding a cell phone on top of a wooden table
8.834852,5.259405,0.7212175,the interior of a sports car with red leather seats
6.8886437,0.914064,1.2369208,french fashion designers paper dolls 1900 - 1950
9.03977,5.8552523,0.24480908,a room with a bunch of lights hanging from the ceiling
6.339941,4.448942,2.406958,a fighter jet flying through a cloudy sky
8.287658,5.9432817,1.1289836,a baby's room with a crib and a chair
7.9571724,4.075477,-0.8845324,a black table with a shelf underneath it
5.135413,2.658166,-0.26719412,a group of people doing squats in a gym
7.3974433,3.5096679,-0.4620726,a table with four flamingo coasters on it
8.16583,2.179522,-0.67371,a close up of four black wires on a table
8.432032,0.9671648,0.37893093,a close up of a ring on a rock
4.9731727,1.7229806,-0.69409376,a man and a woman standing at the edge of a cliff
9.192886,1.8450948,1.2492921,a white door on a white background
4.894879,2.2905025,-0.7910224,a woman before and after her weight loss
3.7670312,5.035051,1.4083092,a bar chart that shows the number of people in the united states
4.708957,2.3413827,0.29019055,a group of soldiers standing in front of a building
6.3976674,4.432991,2.2401445,a plane flying over a forest filled with lots of smoke
4.749052,2.6069987,-0.5385702,a group of women standing next to each other
7.876212,1.2161672,0.043268513,a close up of a person holding a piece of food
5.112167,1.8417366,-0.9013195,a man and a woman hugging each other
5.592851,2.832524,0.57727706,a black and white photo of a person laying on the floor
9.555659,1.3550162,1.0275694,a stainless steel pipe fitting on a white background
8.88643,3.9419684,-0.38619173,a white dresser with a mirror above it
8.030702,2.480978,-0.79133964,a close up of a plate of food on a table
6.045125,4.728355,2.2883298,an aerial view of an airport with planes parked on the tarmac
7.1793604,4.5995812,0.17720494,an outdoor dining area with tables and chairs
7.8244476,3.0560114,0.63773936,a green and white dice in a clear box
9.553954,1.3398246,0.9807134,a ball valve on a white background
4.0030265,4.834411,1.2942277,a graph that shows the average number of experts
6.5039806,3.989646,1.2121791,a large satellite dish sitting on top of a lush green field
8.603855,4.108875,0.8667433,a close up of a paper animal head on a wall
7.469015,3.0375297,2.0558672,a yellow and black dirt bike parked in front of a green garage
6.409134,0.5771103,1.475762,a suit and tie on a mannequin stand
8.069001,4.8865166,-0.20913999,a salon with a lot of chairs in it
6.3638926,4.2717185,1.3887024,a golf course with a green and a white bunker
3.9177158,4.98964,1.4415067,a graph showing the number of people in the united states and the number of people in the united states
5.271731,4.1232924,2.1139698,the logo for st joseph's college
7.4312744,2.7369716,-0.9817654,a couple of wine glasses sitting on top of a table
7.4430094,0.577239,1.3606902,a woman wearing a necklace and earrings
8.279611,5.7268033,1.4155957,a bed room with a neatly made bed and a desk
7.5035534,0.8384223,2.5802596,a green and red t - shirt with a logo on the chest
6.800834,1.2295523,0.7693619,a little girl wearing a cupcake costume
9.0011425,4.655947,-0.8903167,a kitchen with green cabinets and a wooden counter top
7.420431,0.83122367,3.0921729,a pair of men's black leather boots
7.346844,3.0228631,1.9270144,a couple of motorcycles parked next to each other
6.061019,2.093953,2.7109916,a black and white drawing of a basket of vegetables
6.5948205,4.4948487,1.7319356,a close up of a body of water
6.0301647,3.9496355,1.3939953,a basketball court with lines painted on it
5.7979655,2.1764724,2.912919,a black and white photo of a wooden fence
5.2769775,4.517054,1.9285173,a map of the district of district 20
5.896145,3.971147,1.9388555,a small town street with cars parked on both sides of the street
6.63926,4.1304727,1.1739353,a row of palm trees blowing in the wind
5.5879645,2.0287282,-0.19598065,a couple of women in a kitchen cleaning a stove
7.238522,0.30044243,2.3952007,a close up of a person wearing a white shirt
8.919349,7.14187,-0.39844325,an electric fireplace with a white mantle
4.5623407,2.4594717,-0.15227057,a group of people standing in front of a sign
8.461469,5.455138,0.34669104,a small doll house with a ladder and a window
6.398093,3.4889703,1.7910486,a white car driving down a country road
7.3642507,0.7812657,2.412356,an army green parka with a faux hood
6.1922293,3.5828407,1.9166536,a building with a car parked in front of it
7.795274,2.473777,-0.8174065,a close up of two glasses of food on a table
5.5493817,2.893436,0.44615737,a man laying on the ground with a rugby ball
7.155368,0.44031787,2.8646576,a woman wearing a brown suit and black shoes
8.07865,4.769025,-0.3611584,a kitchen with a table and chairs in it
4.262057,4.5589066,0.9833353,a dashboard with a line graph on it
9.380815,5.5618305,0.49868864,a living room filled with furniture and a flat screen tv
7.3084035,3.355103,2.0015488,a yellow and white building with cars parked in front of it
4.7516856,2.7133505,-0.37244022,a group of people standing in front of a counter
5.9515963,2.0710182,-0.89873165,a couple of smart watches sitting next to each other
7.4709177,3.7447717,-1.5135845,a table that has some information on it
7.121187,0.95773935,2.3873465,a beautiful young woman in a red bikini posing for a picture
7.576701,4.2658377,-0.25035754,a chair with a floral pattern on it
6.852055,1.0900831,2.4815598,a woman in a yellow dress posing for a picture
5.7930365,4.0379753,2.214085,a view of a city street with tall buildings in the background
4.1254315,4.7038307,1.0910574,a graph with a line graph and a line graph on it
8.109873,4.7626567,-0.38485062,a kitchen with a table and chairs in it
8.954655,4.7400646,-0.78812057,a commercial kitchen with stainless steel appliances
7.6544027,1.1975182,0.343039,a website page with a picture of a woman's foot
9.314022,1.2046175,1.5478094,a pair of glasses on a white background
6.9743342,4.2851386,1.9954988,a white boat is docked in the water
5.4994802,4.0337315,1.3281152,two pictures of a house before and after remodeling
7.76527,3.2702682,-1.2045442,papa bob's patchouli since soap in a tin
4.7578096,2.7022958,0.13974522,a group of people standing around a car in the desert
8.277795,1.5760934,2.2441218,a collection of pink and gold digital papers
7.385687,0.35224524,2.6044312,a woman wearing white pants and a tank top
8.235814,4.230376,-0.27383056,a white toilet sitting on top of a white floor
6.45909,1.8473423,1.1269354,a man holding a red lobster in his hand
6.1018033,4.533783,1.9438697,a baseball field with a city skyline in the background
8.926484,6.2943797,-0.026518114,a large pipe organ sitting inside of a building
8.457336,4.938903,0.7223501,a bunch of paintings hanging on a wall
6.321596,1.341248,1.8388809,a woman dressed as an angel standing in front of a castle
8.375055,5.882287,1.2142142,a child's bed with a slide in a room
8.3899975,5.52042,1.5339282,a white bed with a storage underneath it
5.632368,2.9209726,-0.31369326,a group of women sitting around a table
9.116634,1.3609298,0.055280115,a close up of a camera on a white surface
6.712136,4.7421517,1.6220781,an open book with a picture of a view of a lake
5.0088305,2.8579295,-0.5367082,a group of people standing around a table
7.294493,0.52037024,2.908405,a woman wearing a black cardigan sweater
8.953346,4.531046,-0.852541,a collage of pictures of a kitchen with white cabinets
6.8221703,4.436649,1.9925252,a large body of water with a bunch of boats in it
8.299225,1.6248161,2.1715271,a shower curtain with pink flowers on it
9.324051,1.2996283,1.710261,a pair of white boots on a white background
7.9597774,3.3133786,0.25543153,a wooden toy with a green frog on top of it
8.075027,1.1149057,1.5662882,a silver purse with a chain on it
9.08834,5.50367,0.2527994,a room filled with lots of computers and desks
9.026548,3.8005977,-0.34367496,a white sideboard with drawers and drawers
6.876369,3.0339007,-0.747536,a person holding a bunch of red balloons
5.957208,4.4530425,2.0040665,a view of a city from a bridge
5.9243593,1.4839611,1.5272421,a priest standing in front of a table with a cross on it
5.811487,2.108428,2.8546634,black and white photograph of a band performing on stage
6.911379,0.60261315,2.5715961,a woman wearing a black bra and panties
4.572787,2.3583868,-0.3329787,a couple of people that are standing in front of a sign
8.226488,1.3181065,-0.20334819,a close up of a spoon with a spoon in it
6.9877167,4.30316,1.8507891,a duck that is sitting in some water
5.701247,2.209395,1.1690915,a man standing on top of a beach next to a grill
6.7363396,4.312672,0.8813731,a swimming pool with lounge chairs and palm trees
5.881939,3.6519742,2.2643495,a building with a bank sign above it
7.800059,1.109865,2.0053296,a green and brown wallet with a zipper
9.383225,1.7630706,1.6759753,a black golf cart on a white background
6.6384478,4.2678933,1.0682718,an empty swimming pool surrounded by palm trees
4.7111177,2.2338312,0.3545172,a group of firefighters walking down a dirt road
5.0360346,1.651015,-0.42595932,a couple of men sitting on top of a red carpet
7.9727497,2.8737464,1.7982311,a red car parked in front of a building
5.164247,4.5961337,1.7940292,a map of the world with different locations
4.976787,2.8660734,-0.5005492,a group of people standing around a table
9.030718,5.4553623,0.20758723,a room filled with lots of computers and desks
8.360232,3.198502,1.4746276,a white arch with an american flag on it
7.3935757,3.4055758,-1.6273205,a machine that is sitting on top of a table
7.473763,0.8127179,3.0188396,a black boot with a zipper on the side
8.919929,6.335655,0.0056804474,a living room filled with furniture and a staircase
8.744375,2.8944213,-0.43533266,a metal wall plate with four square holes
9.58482,1.4617783,1.3165479,a blue bicycle chainring on a white background
8.217611,1.2799231,2.2136683,a pink and black electric razor sitting on top of a piece of paper
7.9820223,1.2278881,1.8799226,a purple dress on display in a room
8.940396,5.5762863,0.5359908,an empty living room with a large window
8.891256,5.732218,0.43641523,a living room with yellow walls and white furniture
6.1322675,3.9745233,2.0150864,a picture of a train going down a track
8.305135,1.935296,1.9826188,a black and white bedroom with a purple rug
4.872514,2.0686684,-0.25758356,a couple of women standing on top of a stage
5.997041,1.0472672,1.3574238,a man in a suit and tie speaking into a microphone
8.088934,3.0076032,0.371551,a small black box with green trims
8.456083,5.341555,1.3213364,a black metal bunk bed with white sheets
6.4534073,4.853557,1.6955984,a lake and mountains with the words things to do on the south island of new zealand
5.871087,1.808963,2.7713144,a black and white photo of xi jinping
4.9846535,2.6333287,-0.8272495,cutting onions podcast with bobby shaw celebrating culture that develops leaders
6.435766,2.2579408,0.1496728,a woman sitting at a table with a cell phone in her hand
7.1588073,0.5662751,2.3832622,a woman wearing a camel colored outfit and a hat
5.172081,2.6222274,0.33391526,a group of men playing a game of football
5.9758663,1.6696584,2.4376886,a black and white photo of a man sitting at a table
7.999481,3.792195,-0.4871437,a white tablet computer sitting on top of a white table
7.6082134,2.8046875,0.7116146,a painting of flowers on a white background
9.375869,1.804067,0.97748935,a black computer case on a white background
6.8734546,4.4462633,2.092107,a wind turbine in the middle of the ocean
5.0326247,2.2144804,-0.92482847,a couple of men standing next to each other
9.35409,1.3638533,1.754684,a pair of black shoes on a white background
