dim1,dim2,dim3,prompt
-26.278269,-21.121714,-12.886824,a table sawing machine on a white background
-25.362337,-27.070248,3.723109,a brown leather recliner chair on a white background
-6.48247,4.37364,1.2620972,a black and white photo of a dog team pulling a sled
-22.841469,8.1511755,-2.0440428,a pair of key chains with a police officer on them
16.475035,19.048117,-5.952889,this is a computer rendering of a house
0.56613255,28.563204,-18.00587,a view of the grand canyon from the top of a cliff
8.603505,29.950756,1.8089781,a drawing of a tall tower with a clock on top of it
-7.7035975,-15.214658,-16.306232,a close up of a sandwich on a plate
13.819125,6.445084,-28.329062,the cover of jude the obscure by thomas hardy
-13.890252,23.28349,24.567453,an advertisement for shredded wheat with a picture of a man
-19.49528,1.1116997,3.6704462,a person holding a gold necklace with a lion on it
5.069411,-17.463568,-16.75897,a bunch of cupcakes sitting on top of a table
-29.306864,-26.38292,-3.698094,a mountain bike is shown against a white background
-26.046587,5.646147,-18.334667,a black and white photo of a cell phone
-14.022341,-24.044575,17.433636,a bedroom with pink walls and a white bed
-17.314661,-26.581446,-5.177479,a gallon of red diamond syrup on a white background
-11.825515,31.123356,2.4488156,a yellow taxi driving down a street next to a tall building
-2.7923367,24.66167,-21.982092,boats are docked in the water next to a lighthouse
-1.6460317,23.77177,1.6983016,a city street covered in snow next to tall buildings
7.4597883,27.073195,-0.95854175,a large building with a clock tower on top of it
-13.733947,27.179491,-4.870275,a white building with a green fence and trees in the background
-2.8164701,13.123569,2.1520958,an old black and white photo of a building
-5.8508487,26.429216,7.649182,a person riding a snowmobile down a snow covered slope
3.0709236,-12.336162,-2.81172,a pool table with several balls and a cue
-15.356178,-7.7984157,2.4728844,a purple flower sitting on top of a green leaf
12.783485,0.63372076,12.441813,a group of people sitting around a table in front of a blackboard
28.735245,29.787876,-16.227877,a bar chart that shows the number of people who are using voice - activated systems
35.39128,-10.878619,-1.4308645,a bed with a black and white comforter and pillows
13.904999,-19.587036,-2.2718558,a kitchen cabinet with a drawer full of items
9.929584,26.841122,-12.3269005,a map of a campus with several buildings
-12.028476,-12.310692,16.282164,a screenshot of a woman with red hair
-21.021814,-5.414781,-29.256655,a water heater with a hose attached to it
-4.522525,-14.255713,-4.0326476,a lot of pumpkins and flowers in pots
2.3168993,-29.754932,-8.1670065,a long table with white flowers and candles
-18.440851,-6.025835,19.222368,a woman wearing a silver skirt and black top
17.29803,-7.872954,-2.9373462,a room with several chairs and a desk in it
-38.273243,-5.887351,2.8172314,the champion logo on a blue background
-14.871913,-12.538591,13.787928,a woman with blonde and pink hair posing for a picture
3.6317704,-15.034842,-9.059704,a muffin sitting on top of a wooden table
9.748581,-12.656092,-9.427553,a table with a drawer on top of it
-19.759304,11.871703,14.048215,a close up of a person wearing a suit and tie
15.0032625,4.795035,18.692913,a group of women standing next to each other holding quilts
15.208663,19.008327,23.683134,a man and woman standing next to each other
-2.4088507,0.41657647,34.883987,a baby girl's dress with a butterfly applique
-6.3288608,0.9987155,17.958717,a woman standing in front of a white background
9.591265,-13.6446295,-1.7456535,a wooden desk with a black leather chair
9.425334,-18.800823,14.129805,a brown leather sectional sofa with recliners
7.7974477,27.396488,12.691224,a man holding a sign that says keep calm and never give up
-29.646082,-7.3765416,24.113045,a black jacket with a skull on it
30.060186,22.502146,-22.258877,a line graph showing the temperature and temperature of the greenhouse
3.7575715,17.59816,-10.782601,a christmas market in the middle of a town
-4.7998056,-16.325447,-15.799241,a plate with a sandwich and chips on it
22.53058,26.047651,-11.374505,a graph showing wage and salariess in different countries
-4.5349307,17.967104,-17.115349,a body of water next to a wooden dock
-19.55655,-16.749025,6.331016,a small pink handbag on a white background
-20.06285,-8.644442,-8.119899,a close up of a bracelet with a heart on it
14.51859,16.817093,19.088173,a little girl standing with her hands on her hips
21.891903,-0.4979487,7.0240307,a living room filled with furniture and a large window
19.461521,25.348314,24.3964,a man signing autographs for a young boy
-21.416058,-6.918282,0.00916829,an antique ruby and diamond ring
-12.455325,12.8113985,18.801033,a man standing at a podium in front of a microphone
-6.897933,3.8170097,5.5850854,a black and white photo of a man in uniform playing a trumpet
-29.016798,-7.59342,-20.97466,a camera with a lens attached to it
-3.9945076,-13.006912,34.165634,a red and white dress on a mannequin mannequin mannequin mannequin mannequin mannequin mann
-16.315273,14.814255,12.892187,a man in a suit and tie posing for a picture
-5.6982336,33.232655,9.254754,a tractor spraying a field with a sprayer
18.069746,-24.568966,1.2791375,a kitchen with white cabinets and white appliances
4.632014,23.032486,12.732404,a group of people walking down a street holding signs
-20.162638,-14.718458,8.985977,a small pink purse with a chain strap
-33.92227,-14.231022,-6.9085083,a blue hose fitting on a white background
13.801657,12.35905,16.406593,a group of people standing next to each other in a courtroom
-9.338024,-3.742546,25.286419,a painting of a woman in a colorful dress
-12.771732,2.5367024,-22.191727,a close up of a car with flames on it
-12.372592,3.422971,31.635063,a woman and a child smiling for a picture
-15.162519,-11.963789,-2.9110012,a painting of three white orchids with green leaves
-10.196214,17.329517,-20.15013,a yellow raft floating on top of a body of water
-5.087347,-1.056923,-2.8827093,a person in blue gloves is reaching for something in a box
14.256557,-23.849533,3.627747,a kitchen with black cabinets and white counter tops
3.4635859,-0.38676614,-36.724434,fluval power filterr for aquariums
0.419994,-24.257847,16.146267,a classroom with red chairs and a projector screen
-7.6889014,2.0844634,22.12244,a woman in a wedding dress standing in front of a wall
-7.63127,23.125185,3.6545393,a pile of snow sitting on top of a snow covered ground
6.7820234,28.343493,-23.277285,a painting of a train track going under a bridge
-10.582505,2.3154197,14.028813,a black and white photo of a woman in a dress
-25.510683,-22.981262,-5.4755406,a black 2019 subaruna parked in front of a white background
-4.047781,-33.946312,1.62345,a helmet with the pittsburgh steelers logo on it
-10.446878,14.355092,27.857296,a painting of a man holding a bird and flowers
-36.962093,0.33134475,11.839358,a knitted skull sitting on top of a blue blanket
2.3950067,-6.0968757,4.1696043,a row of glasses filled with drinks on a table
15.57413,19.799206,-13.781617,a red and white restaurant website design
-6.1276383,14.7849245,4.061849,an old black and white photo of a town
31.979216,-1.365453,-2.507101,a bed room with a neatly made bed and a ceiling fan
6.7413034,-12.296712,-6.4196696,a wooden table sitting on top of a wooden floor
35.77902,7.9884567,-0.06475774,the interior of a car is clean and ready to be used
24.452433,-18.223927,1.2400417,a kitchen with a stove top oven sitting next to a window
-2.2006547,21.542147,-24.503832,a couple of boats that are docked in the water
-15.007345,5.898499,-8.076007,a close up of a person holding a passport
13.610678,-7.626763,-0.46876723,a dinning room with a table and chairs
25.475178,-21.031422,-5.1936255,"a bathroom with a toilet, sink, and shower"
-29.078016,-8.560766,9.830177,a green hat on a white background
21.65811,15.145499,-11.117093,institutional buying and selling by quarter for kt ny ny ny ny ny ny ny ny ny ny ny ny ny ny ny ny ny
7.827777,12.778399,16.4857,a group of people standing on top of a stage
25.99094,-9.472181,19.695612,a patio with a fire place and steps leading up to it
-19.436632,-17.52236,14.775823,a baby girl's pink dress and white pants
-6.366874,-7.87035,1.1962848,a wine bottle decorated with berries and greenery
5.1789517,22.09873,-11.798067,a view of a village in the mountains
3.0310037,9.17129,-11.987342,a couple of fake cows standing next to each other
23.509539,-1.9677206,-4.1752543,a bed sitting in a bedroom next to a window
19.049177,-20.825321,17.743973,a hallway decorated with christmas lights and decorations
-8.896515,18.337498,-26.286684,a wooden model of a boat on a white surface
-4.3205285,17.264317,20.723518,a construction worker standing in front of a building under construction
-17.839792,-5.286875,11.258002,a woman wearing a bra and panties posing for the camera
26.840374,-5.704095,15.85798,a living room filled with furniture and a fire place
30.599882,12.282877,-6.2065945,days inn by wyndham
-7.388947,26.204845,13.263947,a man riding a surfboard on top of a wave
16.809443,18.326704,7.332958,a group of people that are playing drums
5.312381,25.434443,-8.530911,a drawing of a city street with a lot of tall buildings
23.206268,-8.486977,10.042542,a living room filled with furniture and a flat screen tv
8.23127,-7.011775,-16.601076,a machine that is sitting on top of a table
1.2229288,-2.724599,15.312302,a woman sitting at a table in front of a window
-5.34561,21.98462,-27.966846,a white catamaran docked at a dock
21.11063,-7.3962,16.530216,a living room filled with furniture and a staircase
7.697942,1.4003382,-23.613646,a bottle of courvoisir xo
17.485222,12.120198,14.952681,a group of people standing in a room
22.505196,-20.402765,2.3964474,a kitchen with a stove top oven next to a refrigerator
2.4536824,-3.7407181,-19.367865,a bottle of champagne sitting on top of a table
-14.5704155,10.545179,20.28539,a woman standing in front of a microphone
-1.180364,-14.792609,6.0537486,a bunch of balloons sitting on top of a table
9.214899,-8.99133,-10.314033,an old typewriter sitting on top of a table
-30.554678,-0.29719454,20.34065,a blue sweater with a zipper on the chest
13.124886,25.319128,0.5696344,a very tall building with a lot of windows
-11.077137,12.873176,16.721252,a man standing at a podium giving a speech
-20.462692,-0.9812659,-23.906704,a close up of a car charger with a cable
6.894074,-18.011824,13.451732,a brown leather couch sitting on top of a white floor
-28.621405,-16.320293,-13.677115,a close up of a pokemon figure on a white background
30.62103,-0.116286814,-7.140169,a bed room with a neatly made bed and a flat screen tv
29.06684,0.45700482,6.5360956,a room with wood floors and white walls
15.473185,6.922649,5.7614117,a group of four remote controls sitting next to each other
-13.368702,-0.7451168,-12.79419,a pen with a pen tip next to it
-26.492256,-6.929934,-5.732965,a diamond ring on a white surface
21.190035,-25.61916,-12.760486,a white office chair sitting on top of a white floor
-30.846624,1.7611212,0.6144849,a blue and yellow striped glass pendant on a silver chain
-25.047817,-4.2894387,0.76134896,a silver ring with a purple stone in the center
3.5724802,-7.117455,-11.679261,a bunch of rings sitting on top of a table
4.02897,17.247768,-19.636957,the sun is setting over a body of water
-8.571332,-29.101175,6.448272,a black and silver motorcycle parked on a white surface
-7.766623,18.94058,26.185806,a man holding a dog in front of a cabin
-13.514331,-1.6977962,17.5328,a woman wearing a black and white dress
29.874605,3.407385,-20.684816,a picture of a picture of a picture of a picture of a picture of a picture of a picture of a picture of a picture
4.6982036,8.149257,2.872006,a young boy laying in the grass with his hands on his face
0.3228678,-16.497204,-13.480819,a person is decorating a cake with icing
19.185448,-7.229284,20.307396,a spiral staircase in a home with a skylight
-22.493849,-24.081015,1.2263976,a fender guitar amplifier sitting on top of a white background
-8.638378,11.640768,-1.4318907,a black and white photo of a tree
28.807829,13.053921,-19.695778,a close up of a car dashboard with a clock
5.129224,-10.237585,4.723737,a table topped with glass bottles filled with cactus and llamas
-19.268816,-21.13906,0.5354945,a black briefcase on a white background
3.878329,-8.263989,16.164354,a woman sitting on a couch holding a microphone
10.508834,6.3185525,9.217238,a group of people sitting on the floor in a room
-12.49302,-6.3111305,13.574873,a woman wearing black stockings and high heels
34.00563,-6.543226,-1.0421484,a bed with a brown comforter and pillows
-6.1692142,-7.851738,31.648691,a white dress with green buttons on a mannequin
-1.9258093,-2.1289413,-19.683517,two glasses of wine on a table with a view of a lake
-17.721888,10.795559,12.259359,a close up of a person wearing a suit and tie
19.203644,14.716636,16.191332,a couple of people standing in a room
-7.052298,30.88444,-16.760397,a large passenger jet taking off from an airport runway
2.1719034,-5.807147,-5.131663,a box filled with assorted canned food items
20.65464,-5.399728,10.595483,a living room filled with furniture and a flat screen tv
15.228294,7.668891,29.502449,a gym mat with a kettlebell on top of it
13.779637,-1.1440489,0.23108134,a patio with a table and chairs and a ceiling fan
27.374533,-8.961071,3.1858456,a couch and ottoman in a room
33.248814,-2.98463,6.9727654,a child's playroom with wooden toys
-24.743334,-3.5747514,-19.213367,a close up of a single fiber module
-1.9422407,6.6304984,-18.013094,a couple of hoses sitting next to each other
5.218076,-5.033873,21.721188,a cartoon of a man sitting on top of a chair
33.51283,-4.10832,-6.0192184,a bed room with a neatly made bed
-21.619267,4.517248,2.7012699,a person holding a pair of earrings in their hand
5.3633986,-22.57996,-3.4276721,a shelf filled with lots of different colored roofing sheets
-9.517434,22.826027,-13.276317,a small waterfall in the middle of a forest
35.31846,-8.611625,0.93565536,a bed with a gray comforter and pillows
-9.39724,13.346555,2.6288722,a black and white photo of a harbor
7.3066607,7.0350194,24.894316,a group of young men playing a game of soccer
2.898768,-5.3034616,6.978954,a woman sitting at a table with a row of beer glasses in front of her
28.372507,12.068744,-6.850345,the holiday inn hotel and suites
-17.766006,-9.225985,20.423649,a woman wearing a red shirt and black skirt
-30.179865,-22.205406,3.8593957,a pair of brown hiking boots on a white background
-38.01172,1.8413236,5.9635262,a blue sports car parked in a dirt lot
-9.241656,18.11591,23.816967,a man standing in front of a red barn
4.532085,29.989801,-14.321526,an aerial view of the city of seattle
-23.372864,-13.854078,-4.4518676,an image of a tent on a white background
16.590614,6.1392274,-10.442366,a sign that says home is where my plants are
-20.796923,-14.740567,15.505806,a man in a pink shirt and blue pants
4.330865,15.586457,31.319128,two women looking at shoes in a store
1.0320114,22.464724,11.655849,a group of people walking down a street holding american flags
-22.48229,-28.739428,-5.8237696,a red motorcycle on a white background
0.22550538,18.309172,17.477106,a group of children standing in front of a building
-12.17822,20.977423,-2.039899,a herd of deer standing on top of a grass covered field
-16.467436,3.8584707,17.30698,a woman in a long white dress
20.233866,20.87466,23.519924,a boy and a girl talking to each other
17.709076,-24.879477,-2.597447,a set of three white cupboards next to each other
-21.438734,-6.468226,-10.280633,a close up of a bracelet on a pile of rocks
5.849405,21.83982,21.325752,two people setting up a tent near a lake
-18.448877,-15.02048,11.664983,a woman is wearing a pink outfit and holding a purse
3.7253578,-21.596632,-18.53895,three cupcakes with white frosting and red sprinkles
10.549509,-4.853362,-15.185361,a machine that is sitting on top of a table
20.631458,13.916125,23.604483,a man and a woman kissing in a room
11.985064,-7.4986615,4.689469,a baby sitting in a high chair playing with a toy
-18.560257,20.743427,-14.793787,a green inflatable frog floating in a pool
-0.32134932,18.387503,-3.8173296,two jeeps are parked on a rocky hill
-28.845295,3.0095575,16.570288,a pair of jeans on a hanger
-15.75234,5.4712443,30.843498,a smiling woman holding a bag of food
25.27665,-3.0750384,-13.974324,a walk - in closet with lots of clothes
7.334763,-13.007973,15.085434,a guitar sitting on top of a black couch
-6.973725,-1.1515441,-10.608751,a black case with a handle and latches
-20.929527,-17.419512,-6.274412,a mexican flag on a white background
-27.901833,7.0429697,10.76188,a close up of a mannequin wearing a red hat
19.760996,2.411046,1.197157,an empty office with lots of glass walls
-9.28018,-4.0332046,17.114906,a young girl in a black dress posing for the camera
-20.419626,-18.336542,-0.20691517,a black toilet bag on a white background
-22.19629,-0.97728705,18.520975,a woman wearing a white shirt and black pants
-0.0085157845,13.574001,11.879263,a group of sailors standing in front of a large battleship
15.317588,15.147404,13.050188,a group of people standing next to each other
-5.3063335,33.389095,11.786205,a firefighter spraying water on a house
27.407648,-7.7300735,-1.974311,"a hotel room with a bed, chair and ottoman"
-25.925476,-29.694342,-6.1581783,a motorcycle wheel with red spokes on a white background
22.840883,-10.277839,-14.222301,a ladder leaning against a bookshelf in a room
-24.033358,-7.667302,-15.260579,a close up of a usb drive on a white surface
-8.190081,7.789606,11.436746,a black and white photo of a man wearing a hat
21.612383,-3.641201,2.6778042,a living room with a chair and a window curtain
-9.27181,-3.50588,-29.198442,a glass jar with a label on it
1.8753966,-14.476671,-11.374325,a cake sitting on top of a wooden table
-10.388033,7.789013,-25.100769,a motorcycle is parked in a showroom
0.82505685,-18.387133,1.895232,three decorated easter eggs sitting next to a basket
-22.87708,-24.712446,-13.316088,three power invertors on a white background
-24.334774,-3.395014,12.981674,a woman in a white shirt and a green helmet
8.875134,-11.2863455,2.7595115,a counter with bottles of wine on it and a chair in front of it
-16.619974,27.92826,3.8060827,an orange and white classic car parked in a parking lot
14.980182,31.993296,-18.829557,a map of canada with the provincess highlighted
21.610115,-12.990721,0.8703611,a kitchen with a sink and a couch in it
-1.5964643,-11.491435,-11.00325,a knife sitting on top of a piece of wood
7.110705,-5.909198,13.445312,a woman is holding a fluffy cat on her lap
12.076508,5.316101,-20.271551,"a quote that says, you are worth the quiet moment you are worth the deeper breath you"
8.834591,23.883865,-1.6185863,a large building with a cross on top of it
13.641652,22.73824,-13.983426,"a map of restaurants, bars, and shops"
8.069028,19.72477,23.473461,two people standing on a hill with a fire in the background
31.712385,-10.808711,-11.869389,a baby's room with a crib and a chair
-14.706859,-15.485677,-19.64568,a close up of a quilt on a table
-16.429688,-17.712278,13.302769,a woman in a pink and white dress and a woman in a pink and white dress
-19.970798,-9.564029,-14.135588,a close up of a rope on a white surface
-7.009265,-29.808033,9.358397,a brown motorcycle parked on a white surface
12.887271,-27.574554,-15.007808,"a blue, orange, and white cube ottoman"
19.982332,4.4798465,-21.663584,a blue sprock sprock sprock sprock sprock sprock sprock sprock sprock sprock sprock sp
13.595561,-3.0640564,21.682987,a screenshot of a person standing on a set of stairs
22.97152,-23.601847,-7.9579086,a white toilet sitting next to a white sink
-23.330671,-6.0156956,-28.777647,a pump with a hose attached to it
-26.136879,-16.290798,-9.6957,a close up of a metal object on a white background
-4.4462595,-19.72273,-18.418694,a white plate topped with crackers and a cheese ball
-6.462544,18.252932,20.422937,a man standing inside of a building under construction
14.039116,-10.974411,14.322582,two dogs sitting on a couch in a living room
28.305141,-8.848045,-7.705848,a bedroom with a bunk bed and a chair
29.752092,-7.162159,10.742491,a living room filled with furniture and a fire place
28.460854,4.3740263,-5.3995247,a bedroom scene with focus on the bed and dressers
-2.2364576,22.322712,-15.544829,a large body of water with a city in the background
17.52042,6.46291,-13.572541,a sign that says refugees are human beings
23.804379,4.163571,5.3553886,a white conservatory with a glass roof
-1.9658611,-0.20441969,10.816208,a man in a bow tie sitting at a table
-7.277327,23.824219,17.918636,a man standing on a dock playing a guitar
-1.677033,-1.5568725,-3.522246,a white and blue box with four drawers
-28.042286,-21.952501,-0.13487352,a grey adidas running shoe on a white background
-28.64139,-16.204504,-2.082439,a bottle of boss bottled cologne on a white background
33.533726,-10.022954,3.3237286,a gray couch with pillows on top of it
-1.0449983,-5.317418,-15.771973,three glass jellys sitting on top of a table
-29.511675,-5.126616,-6.6850595,three pieces of jewelry on a white surface
1.7442297,33.25127,-17.647326,a view of the earth from the international space station
5.270117,14.089537,26.782408,two female cricket players walking on a field
1.297053,33.004436,-12.078444,an aerial view of a campus surrounded by trees
-15.513441,19.889193,21.850046,a man holding two cans of beer up to his face
-11.87718,-5.0054536,9.569579,a woman in white tights and fishnet stockings
-7.4305553,-2.0420802,-29.463108,a glass jar with a picture inside of it
-14.511588,-3.5305052,20.499048,a woman wearing a black and gold dress
-17.774187,-12.858432,21.03161,a girl in a maroon shirt playing a clarinet
-14.740254,-16.60946,10.70023,a woman wearing a dusty pink bridesmaid dress
-16.434507,12.984855,-15.900585,a close up of a statue of a dog with a butterfly on it's wing
8.028419,37.683777,-6.9577208,the experis manpower group logo
3.9533465,12.194054,11.766286,a group of men standing on top of a boat
18.879383,-4.1943116,-13.251956,a store filled with lots of different types of cleaning products
-0.99248874,20.900433,-21.830072,a bunch of boats that are sitting in the water
-23.44445,-0.5632744,15.996691,a woman in a white shirt and beige pants
14.089332,13.277591,9.541188,a group of people standing around a turkey
-21.381035,-1.8323687,-19.485163,a close up of a cell phone connected to a usb cable
-24.579391,-2.681912,-8.4331665,a close up of a ring with a skull on it
15.42835,24.10736,-6.957576,an artist's rendering of a building on a city street
24.09624,22.565168,-17.447723,a graph that shows the number of people in the city
-7.9217567,-17.813072,-19.757563,a close up of a bowl of crackers
18.6915,8.747821,14.508564,a group of people cutting a ribbon in a room
10.992929,9.268291,-7.215189,a house that is in the grass
-8.909217,10.033524,2.6566164,a black and white photo of a mountain range
5.1945224,26.89867,1.1432788,a large stone building with a clock tower on top of it
8.423638,-0.71161854,0.29438174,a patio with chairs and a table in front of a house
-24.279305,-19.563011,-2.4441614,a black and white baby crib on a white background
-0.5380586,-19.027605,-3.4066057,a bag of koongs chewy treats sitting on a table
-5.633136,32.11893,-18.497442,a large jetliner sitting on top of an airport tarmac
-13.040505,20.762516,22.069347,a man standing in front of a barrel of beer
18.919134,19.388933,7.8437676,a group of people that are playing guitars
24.94875,-20.158228,-7.8465543,a bathroom with a sink and a toilet
1.1221008,-8.486899,-20.703253,a pair of sunglasses sitting on top of a table
24.352427,-6.3474674,3.5702324,a living room with a couch and a window
-7.2449546,8.465583,14.461417,a painting of a man in a black hat
-37.25564,-3.2439222,2.5604467,clear plastic tubes on a blue background
-17.025045,-2.5534,10.799823,a woman in a white lingerie posing for a picture
26.558626,-2.0947568,-10.928824,a bedroom with a bed and a closet
-9.11895,-19.551378,8.166924,a rubber duck with a red and yellow checkered tie on it's neck
13.290544,4.8876185,8.29256,a group of people sitting around a living room
-5.0352483,5.674379,8.357476,a black and white photo of a man standing next to a car
-9.012872,-12.351521,-5.209227,a close up of a bunch of flowers on a table
-18.041475,3.1608815,-7.1757083,a close up of a person holding a button
33.38403,1.1307741,-6.23358,a bed room with a neatly made bed and a flat screen tv
16.47744,14.775152,-28.484907,a poster for a concert with a monster face on it
-5.9207344,4.9713736,20.593876,a woman standing in front of a brick wall
24.808985,-10.014118,4.6352158,a living room with a couch and a table
1.6358958,25.497034,-4.9333243,a street at night with a tower in the background
-2.5612352,-8.670717,-3.6935217,a carved box with flowers and birds on it
-21.874651,-4.554493,-20.564367,a close up of a computer motherboard with a cable connected to it
20.746807,15.276314,-19.538227,a screenshot of a number of reviews on a website
-13.81633,-31.564949,3.5383127,a black bmw suv parked in front of a lake
1.1820863,-28.42652,-11.043519,a table set with white plates and silverware
25.51917,-8.582596,-7.477356,a bedroom with a bunk bed and a desk
-3.8225563,13.175377,19.409235,a police officer standing in front of a statue
-26.136879,-16.290798,-9.6957,a close up of a metal object on a white background
13.456407,-1.6475325,-18.184917,a machine that has a lot of bottles on it
-2.5242426,6.3894916,-6.2087145,a dinosaur skull mounted on a brick wall
-19.265734,-1.5523907,2.508141,a hand holding a small purple elephant on a gold chain
1.1277999,-17.815401,-23.395891,three pieces of chocolate with an egg on top
-31.354595,-2.8859386,2.7402532,a leather strap with a blue and white design on it
5.3431683,25.210514,15.587361,a group of people holding up signs at a protest
-19.576544,-9.296635,-29.536367,a kitchen faucet with a metal handle
13.964179,11.134026,27.994364,a man and a woman working out in a gym
31.13073,-0.8532752,12.898823,a living room filled with furniture and a christmas tree
-16.257858,24.935701,3.5606139,a row of white vans parked in a parking lot
27.19223,2.1584985,-2.0352242,a bedroom with a large bed and a large window
25.925215,21.490038,24.397133,a comic page with a woman talking to a man
1.3020467,-7.9607925,21.84019,a man sitting on top of a chair in front of a green curtain
0.70769686,6.6929755,-17.974808,a couple of clamps sitting next to each other
-8.290766,-13.432426,-0.5775365,a vase of pink roses sitting on a table
27.649475,-4.8781614,-2.1698537,a hotel room with a large bed and a desk
-4.013221,-20.400122,-9.120229,a white bowl filled with black beans and tofu
-18.932554,1.3350435,14.307664,a woman with long hair wearing a white top
23.821903,-3.9772964,9.360315,a living room filled with furniture and a flat screen tv
-22.334303,-10.502998,-9.930464,a close up of a bracelet on a white background
16.30412,-7.220051,-24.646662,a package of lasagna lasagna lasagna
-2.0752618,-21.58294,-11.453394,a white bowl filled with food on top of a wooden table
-12.7479725,-8.012902,2.2345717,a crocheted potted plant with purple flowers
-8.045954,-2.3753989,27.692383,a woman wearing a colorful kimono
10.504115,30.06392,-15.583194,a map of the kubera cave area
-2.1018894,2.040308,5.646964,a black and white photo of a man sitting on a couch
-22.522266,-10.637918,5.439382,a rollo hanging bag with various items in it
-11.183438,8.02734,31.463066,a woman holding a baby in her arms
-28.610426,-11.272031,-14.111669,a camera lens on a white background
27.324787,-8.550456,13.507932,a living room filled with furniture and a fire place
-21.923214,-18.90587,11.204653,a pair of pink and black sandals
5.4784317,20.658936,17.435493,a group of people standing in front of tents
5.054385,30.782145,-0.80525655,a paper model of a castle with a clock tower
-12.310149,2.2676234,19.348808,a woman in a white dress standing on a red carpet
2.1278641,-23.981358,-0.16822033,a pile of different colored saddle covers
7.171694,19.55123,-4.102537,a building with a map on it and a parking lot in front of it
11.659906,37.362072,-8.458179,the rv ribble valley business awards logo
15.400003,26.804054,-18.483078,an old map of the united states
11.072991,12.708071,31.974636,a woman and a child are painting a bus
-6.959716,-2.6658223,-12.533051,a black case with a pair of scissors in it
-1.1757224,-17.545937,-32.843567,a birthday card with a butterfly on it
-6.8073754,15.02511,1.0455333,a black and white photo of a city street
9.691244,23.331501,27.882862,a man and a woman standing on a red carpet
-3.2713609,-21.95183,-14.393454,a white plate topped with a salad on top of a table
-5.3651123,-24.789526,-12.554705,a doll sitting on top of a white plate
-28.53124,10.374142,4.4597926,a pair of red earrings on a black background
26.886105,-5.189549,-7.258099,"a bedroom with a bed, desk and a chair"
-19.24221,-3.9591901,-5.6548967,a wedding ring sitting on top of a feather
-13.061975,5.863882,-21.63782,a close up of the front of a motorcycle
-21.909433,5.80135,-12.745554,a person holding a cell phone in their hand
10.983149,-0.00859634,-16.869362,a machine that is on a white surface
31.912193,-5.9287424,13.451904,a living room filled with furniture and a fire place
26.244566,33.60335,-16.683418,a bar chart showing the number of bitcoins in bitcoin futures
9.403213,-19.792215,-2.364269,a metal storage cabinet with several shelves
-8.798237,4.8338003,9.262883,a black and white photo of a man in a suit
2.7603478,-20.053003,13.70753,a red couch sitting in front of a brick wall
-17.575516,8.690663,22.511585,a woman wearing a virtual reality headset and headphones
-21.983221,-22.559502,-7.1810665,a silver car on a white background
-6.29228,21.400501,-22.70534,a large boat traveling across a large body of water
-18.593164,-0.09586578,-18.633432,a close up of a cell phone on a pole
-10.370628,6.0784607,30.511951,a woman holding a child in her arms
-20.853065,2.2348714,9.928593,a woman with long brown hair wearing a necklace
28.572475,-2.3475075,8.379621,a living room filled with furniture and a wooden floor
9.269927,27.48908,21.917013,two men shaking hands in front of flags
7.3916216,-10.065902,-28.296328,a christmas tree with a heart on top of it
-12.745137,-5.082477,16.676846,a woman wearing a black dress and heels
-21.61372,-3.8973565,21.54316,a woman wearing a black blouse and leather pants
-9.745068,-21.409523,-4.782439,a black blender sitting on top of a counter
-25.730618,-13.478543,-9.99366,a close up of a metal object on a white background
3.4778857,-16.809479,-25.974249,three pieces of soap sitting on top of each other
26.878426,23.276417,-21.55336,a line graph showing the number of covidid cases
7.6626115,-3.8517573,-16.330605,a machine that is sitting on top of a table
10.205811,-0.678554,7.814399,a group of chairs sitting in a circle on top of a wooden floor
2.0114176,15.759659,20.412426,a group of women standing next to each other in front of a window
30.412565,19.921783,-19.128149,a green line graph with a green arrow
-29.151167,2.4017527,23.791452,a man in a blue shirt holding a sword
-7.2007775,14.746486,15.666125,a man in a military uniform standing in front of a group of people
9.814131,1.9841207,11.070699,a group of people sitting around a wooden table
29.998678,28.575832,-20.182829,a bar chart showing the number of business segments
3.0406024,16.882626,23.881992,two women standing next to each other in front of a fence
0.9252985,-20.65199,-18.452684,a white plate topped with cupcakes covered in caramel
-7.283212,-12.37719,-3.059866,a vase filled with lots of flowers on top of a table
-17.631655,-6.5139637,27.312683,a woman in a green bodysuit posing for a picture
24.653429,11.5739765,17.692617,a zombie holding a gun in a room
21.22776,-7.2347918,-14.034893,a bookshelf filled with lots of books in a library
-17.77624,7.2447553,-12.898547,a person placing a piece of a puzzle
-8.026264,23.37966,-9.26128,a river running through a lush green field
10.641699,13.49419,-27.222542,a painting of a house on the cover of a magazine
-6.7709866,-10.50661,-21.92886,a close up of a revolver on a table
-11.906086,6.6719522,-17.763834,a close up of a pair of shorts
4.0735106,-3.6403592,20.13807,a drawing of a woman sitting on a chair
16.475035,19.048117,-5.952889,this is a computer rendering of a house
-1.9108934,-8.147132,-31.68483,two amps sitting next to each other on a gray surface
-32.083603,-6.567032,-18.818392,a sony mirrorless camera with a 32 - 70mm lens next to it
-19.246597,-7.959365,-32.94292,an advertisement for the auto stop safety razor
12.318337,10.121857,-27.951118,a book cover of the ringed castle
-30.861095,-8.856476,-22.115963,a camera is shown with all of its accessories
10.010709,26.29968,-16.99397,a map of a park with a river running through it
-15.075806,-8.217436,-22.879448,a close up of a spider on a wooden surface
-11.65447,16.7466,-6.1327724,a bamboo tree in the middle of a forest
12.751832,34.849216,-18.904352,a map of africa with red and green areas
-10.914699,-20.027805,-9.034343,a gps device sitting on top of a counter
-4.7510204,-26.662088,10.3690815,a red motorcycle parked on a white surface
11.31938,-10.195489,-3.3405573,a wooden table and chairs in a room
7.229427,-21.135477,-6.031838,a wooden shelf filled with lots of jars
-23.744268,-16.608711,-16.272352,a close up of a video switcher on a white background
2.210934,-6.585571,-8.866503,a jewelry box filled with rings and bracelets
-1.2994103,-21.204891,0.130659,a group of three purses sitting on top of a table
30.719233,0.59112597,-0.769412,a bedroom with a large bed and a ceiling fan
6.2777915,-15.482601,-14.855856,a table topped with lots of cookies and cupcakes
22.042362,14.630185,20.171228,a cartoon picture of two people in a room
17.951721,17.010593,28.84137,a man and a woman sitting next to each other
4.9901123,20.98705,-26.570007,an image of a space ship in the sky
4.7415085,13.659003,9.385362,a group of men standing on top of an airplane
-1.493201,-22.348969,8.215847,a couple of red skateboards sitting on top of each other
-17.5605,-4.0946,-14.846264,a close up of a lure on a hook
5.335176,21.896648,-30.185623,a plane with the words a travel ban cx story
-9.928935,2.6351192,23.731821,a woman in a wedding dress standing in a room
-1.1761649,-5.861339,30.13334,three dresses on mannequins in front of a window
30.024002,-10.367981,-5.3701434,a bedroom with a four poster bed and chairs
21.13602,27.904367,-13.414508,a graph that shows the number of bank notes in each country
7.7065067,15.055287,15.74569,a group of people standing on top of a stage
-10.015079,-8.850477,-17.803335,a close up of a vase on a table
-0.5311989,-11.488463,33.95201,a wedding dress on a mannequin mannequin mannequin mannequin mannequin mannequin mannequin
18.136063,-9.068226,9.419956,a flat screen tv mounted on a wall in a living room
2.0357308,26.167032,-15.012036,a view of a city from the top of a building
-37.46156,-17.57164,0.9492605,a pair of sunglasses on a gray background
20.571653,5.7428308,-1.6685797,an empty room with a view of the city
-33.646774,-20.935701,-6.0473914,a pair of gold - plated microphones on a white background
-33.25897,-5.4110103,-21.655855,the panasonic 4k camcorder is shown
-13.627436,-0.33128703,-7.1593046,someone is stitching a piece of fabric with a needle
-32.540997,-19.201056,-9.518695,a stainless steel beverage dispenser on a white background
0.88665515,-13.354247,2.4827657,three christmas trees made out of balls on a table
-18.94334,-11.061774,-27.968445,a close up of a brass and white water faucet
-10.908709,7.3000555,9.551862,a black and white photo of a man with a mustache
-9.860044,28.361458,17.248434,a man hanging from a rope over a body of water
16.281582,3.8337646,-28.2953,"gordon macke's album, the best things in life are free"
-2.341345,-9.142542,-20.360666,a pair of scissors sitting on top of a table
-12.403812,24.616287,-7.188833,a small building sitting on top of a lush green field
10.886136,24.538307,-14.12089,a map of a city with lots of buildings
-26.325415,-12.642533,-15.511777,a close up of a camera on a white background
-33.011776,-10.966613,-0.282393,a dog collar with a bow tie on a white background
-0.23690945,-7.4971256,-5.667287,a wooden box filled with assorted fruit
27.907866,-19.076061,-5.7219334,a bathroom with a walk in shower next to a bathtub
29.004433,25.919209,-14.973369,a bar chart showing the amount of student activity by day
-29.109629,3.1394806,5.416111,a blue rose and pearl necklace and earring set
10.997084,-3.655358,20.822746,a bald man sitting on a set of stairs
-0.900791,-14.670547,27.511839,a mannequin dressed in a suit and tie
12.831825,-16.877344,-18.0154,a table that has a number of dates on it
-14.103183,14.175925,-8.668847,an owl with big eyes sitting on a branch
20.075983,-4.1962643,16.58321,a living room filled with furniture and a staircase
19.366974,-7.4640417,-6.7029862,a cluttered work space with a desk and chair
4.9239492,15.85225,0.076957904,a utility trailer parked in front of a building
-2.0060635,22.53079,7.820438,a group of people walking across a snow covered field
-15.960333,1.0328553,-8.994596,a close up of a person holding a needle
-6.1473393,18.456161,-21.453371,a boat sitting on top of a body of water
23.206268,-8.486977,10.042542,a living room filled with furniture and a flat screen tv
-12.818151,15.766845,-3.801038,a man in a suit standing in front of bamboo trees
12.365709,-8.929152,14.777905,a bride and groom sitting on a couch with their dogs
18.351149,17.545572,-27.132694,a poster with the words coping with stress during the 2019 covid outbreak
-10.136402,-6.684975,-20.610022,a close up of a glass object on a table
2.7431343,-15.540249,-19.817179,a bunch of brownies sitting on top of a piece of paper
12.559738,11.68849,-4.7319245,a house with a large lawn and a patio
22.820587,3.2280092,-3.3746383,a bedroom with a view of the water
24.017092,3.8331044,-10.454906,a room with a door and a sign on the wall
11.067489,14.167593,-6.4944644,a large house with a driveway in front of it
-4.407205,27.674383,-9.556377,a golf course with a view of the ocean
5.867477,2.9298565,8.94199,a group of people sitting outside of a restaurant at night
13.530107,5.2611656,15.6262245,a group of people standing around a table covered in blankets
7.4597883,27.073195,-0.95854175,a large building with a clock tower on top of it
10.4997225,-26.543814,-7.6625733,a wooden chest of drawers on a white background
-5.368758,4.449739,-16.724367,a drawing of a piece of pipe and a drawing of a piece of pipe and a drawing of a pipe and a piece of pipe
26.027426,-3.9213772,-16.757626,a walk in closet with a chandelier and drawers
-24.987839,9.7456875,2.0942552,a pair of earrings on a wooden surface
-31.816782,-2.5412178,21.189308,a grey long sleeved shirt with a chest pocket
-25.619108,6.9605403,2.8250976,a pair of earrings with a coin on them
-21.673689,5.4577317,-15.149095,a person holding a camera and a cell phone
-28.735256,-15.15222,-5.3662677,a small butane lighter on a white background
24.285843,15.810447,-23.914595,a screenshot of a calendar with a date circled
-27.329638,3.811585,-7.6114635,a woman's hand with henna tattoos on it
-24.77303,-18.119654,-4.9234114,a white and black object on a white background
-2.8581626,-25.62619,-18.017496,four stuffed peppers on a blue and white plate
11.040699,-1.7781277,2.3029182,a patio with a table and chairs under an umbrella
1.5614407,-1.6718253,-23.140041,two glasses of orange juice sit on a bar
-8.766263,23.516338,-2.9727845,a field full of cotton plants with a sky background
11.384623,-23.33012,-0.4386689,a black cabinet with a door open
38.571674,-12.044858,-2.2826807,a futon mattress with a black cover
10.461025,16.819775,-6.648423,a two story apartment building with a driveway in front of it
-2.70552,-5.0250597,-8.459589,a wooden box with a key on it
-27.343647,-18.829418,20.458435,a man dressed as darth vader and a woman dressed as darth vader
25.678112,-0.5591885,-5.4433813,a bed sitting in a bedroom next to a window
-4.494891,14.216591,6.907732,an old black and white photo of a family
15.052655,11.090317,-5.652942,a small house with a deck and patio
-2.3576803,-12.988632,7.0116615,a bunch of balloons that are shaped like the moon
20.075983,-4.1962643,16.58321,a living room filled with furniture and a staircase
0.40058562,-23.982546,-8.702025,a set of dishes and utensils on a wooden tray
3.7892227,-0.17703536,-23.89833,a glass of lemonade next to a bottle of gin
-10.608018,-6.8116918,11.1602545,a woman wearing fishnet stockings and high heels
17.863644,-12.798295,-11.144507,a computer screen with a fish on it
17.93606,21.053366,17.263817,a couple of men standing next to each other
4.800142,8.238457,14.209087,a group of people sitting on the back of a truck
18.959225,-9.761937,-5.235656,a home office with a desk and a chair
-32.918777,0.64850384,8.361502,a close up of a doll with blue hair
-11.535088,-30.99582,5.2169,a black motorcycle parked in a parking lot
10.893289,-19.704262,-5.323516,a wooden cabinet with a shelf on top of it
36.972996,-6.905156,-1.8165709,a bed with a comforter and pillows on top of it
16.228783,12.606592,-30.087782,the final tour poster for kiss end of the dark
-28.222532,7.7490754,-0.18920106,a pair of earrings with eiffel tower charms
7.3183174,23.922394,13.768826,a group of people standing next to each other holding signs
-15.386711,1.8577355,30.020859,a woman with glasses smiling at the camera
-7.9522614,-30.086227,4.2125025,a black and white motorcycle with a black seat
-14.908965,2.8207514,21.071243,a woman in a white dress walking on a wooden floor
-9.064078,24.656574,13.32976,a man riding a surfboard on top of a wave
0.7903964,29.473515,-3.2375894,a model of the eiffel tower lit up at night
-4.2392545,-29.978676,6.863962,a man standing next to a white motorcycle
18.259506,19.84647,28.546318,a man and a woman sitting next to each other
7.0859213,-6.690801,-20.724459,a lamp that is sitting on a table
-23.269983,-8.8672495,19.656355,a man wearing a navy t - shirt and shorts
16.023506,-20.3833,3.7545195,a kitchen with wooden cabinets and granite counter tops
-19.53865,0.2648219,-25.806004,a car charger in the center of a car
-29.119057,5.1936088,-8.282589,two hands with henna designs on them
9.26087,6.1723156,22.554111,a group of men playing a game of basketball
-35.060036,-17.129232,-0.21481533,a pair of sunglasses on a white background
10.130371,12.78485,7.9933753,a group of people standing around a small air compressor
-1.8412689,-24.829708,13.770626,a red and white building with a red door
20.374369,18.083305,27.740934,a man and a woman sitting next to each other
21.139877,19.784243,-2.0292394,a collage of photos of a modern building
-13.954786,31.426828,-19.985445,a fighter jet flying over the ocean at sunset
-14.664469,-5.723963,26.626425,a woman in a green dress smiling at the camera
11.005997,-22.982754,-9.066012,a wooden chest of drawers in a room
3.2735195,16.66858,28.356365,two young girls standing next to each other holding toothbrushes
-3.8417394,-16.09785,29.829721,a mannequin head with a scarf on it
-10.932315,-9.06427,20.348177,a woman in a red dress posing for a picture
6.0219846,5.713885,12.302777,a group of people sitting on top of a stone bench
-12.082607,-12.169039,-11.669461,a painting of a tea cup and saucer
-21.749619,-11.106165,27.438763,a green t - shirt with a picture of a man on it
16.195337,-14.829876,5.012879,a kitchen with a center island and stools
-15.1267185,7.34774,-22.612328,a close up of a motorcycle engine on a dirt bike
-21.198832,-26.248281,-6.7207336,a red classic car on a white background
5.01643,22.72386,0.51016694,a large brick building sitting on the side of a road
-35.18069,-1.6758469,4.3073606,a blue and white image of a plant
-10.204674,16.761395,18.689278,a man standing in a gym with his arms crossed
-7.580705,31.016449,-5.1608176,a green tennis court with a white line in the middle of it
-16.712748,1.0811206,16.149778,a woman with long brown hair wearing a white dress
16.159702,11.95119,-14.031048,the mystery of the black hole mine
27.35818,-11.624519,7.6405025,a hotel lobby with couches and tables
-21.721687,1.2040766,-7.4290767,a close up of a person wearing rings on their fingers
-7.6043015,29.379408,18.381283,a man riding a zipline on top of a crane
-22.590664,-4.0231347,-0.07711689,a ring with a purple stone surrounded by diamonds
20.782772,-18.955465,16.313705,a hallway with blue walls and wooden floors
-28.623428,-24.200165,-10.656622,a set of gears on a white background
17.099104,24.491428,-5.2845964,an artist's rendering of a large office building
-30.278524,-15.910619,4.747219,a pair of blue shorts on a white background
1.540423,10.938925,-27.86936,a bunch of flags flying in the air
11.344211,-6.946876,-17.513952,a machine that is sitting on top of a table
-8.569899,8.173314,7.800338,a black and white photo of a man smiling
-24.077612,-3.9171457,-4.6782775,a ring with glowing stars on it
7.725438,8.63587,8.743753,a group of people standing around a man laying on the ground
-2.735473,32.719807,-13.38055,an aerial view of an airport with planes parked in the lot
6.8346796,14.471308,-4.636916,a house with a car parked in front of it
12.50488,-15.148038,-15.787046,a table that has a lot of numbers on it
31.73159,-1.3146762,-10.344452,a bed room with a neatly made bed and a television
-5.0263743,11.253992,1.3190292,a black and white photo of an old building
-36.632355,3.8426058,6.730827,a blue car with hot wheels on it
11.969716,4.855802,11.265164,a group of people sitting around a table in a room
-9.529117,12.407658,21.45735,a man standing at a podium in front of a stained glass window
10.874121,13.61996,-23.944899,a magazine with a picture of a city on it
-29.77152,-26.519571,-8.081031,a close up of a bicycle chainring on a white background
-6.3388915,20.379175,-13.873907,a body of water surrounded by trees and rocks
5.716612,-3.0362155,25.163055,a cartoon of a man working on a computer
-28.329275,0.15303762,3.9307008,a necklace with a blue stone on it
-20.036034,-11.323389,15.898298,a woman in orange pants and a purple top
-1.1449604,6.755372,32.54548,a little boy dressed as an elf standing next to a horse
11.461289,7.4813113,-27.356155,the cover of lady of sherwood
10.226482,24.949541,-4.6014,a helicopter that is flying over a building
-16.390146,-18.092419,-19.838892,a close up of a red and white quilt
-28.479757,-10.395153,-1.4086027,a diamond and emerald necklace on a white background
0.02323724,20.459795,-15.424263,the city skyline is reflected in the water
-4.3852463,26.375002,4.490183,a car driving down a snow covered road
15.448275,23.651403,17.894722,a couple of men standing next to each other holding guns
12.534357,21.755777,-0.12914635,a building that is lit up at night
-8.760088,-5.947613,-7.556284,a metal padlock sitting on top of a credit card
7.4239507,23.30671,28.535091,a man and woman standing on a red carpet
23.944443,17.601465,-12.942571,a chart showing a bearish triangle and a bearish triangle
19.079155,13.63323,10.4440565,a group of people waving their hands in the air
12.313171,8.309549,25.88583,a group of people practicing boxing in a gym
18.797462,-1.3445805,5.907499,a dining room filled with furniture and a large window
13.824016,-15.313865,4.8044953,a kitchen with a center island and bar stools
-2.0711768,-10.358397,35.45152,a white wedding dress on a mannequin mannequin mannequin mannequin mannequin mannequin manne
4.663388,34.232506,-9.243308,the neighborhood council logo with trees and houses in the background
-13.347228,9.084849,2.2851577,a black and white photo of a cat with big eyes
10.220226,19.302868,-8.043725,an apartment building with a walkway and bushes in front of it
11.721853,-12.203032,22.99087,a dog laying on the floor next to a pile of papers
-11.9309225,23.46605,-23.035694,a group of people on a boat watching a whale
21.910324,-17.434729,2.7861702,a kitchen with a stove top oven and a sink
-12.605389,28.852287,15.933834,a movie poster with a man diving in the water
-24.388437,-26.129702,-1.4144753,a white ford ranger pickup truck on a white background
-22.819965,-15.578314,-1.2767634,a decorative pillow on a white background
-25.693632,-9.553559,-24.242064,a tripod with a ball head on it
-19.629301,-0.4140427,21.494202,a woman wearing a black jumpsuit and white sneakers
-2.841244,-32.69942,4.9521146,a man riding a bike wearing a helmet and sunglasses
1.0379251,30.495934,-14.222092,an aerial view of a city with a lake and mountains in the background
3.4702134,0.12924656,-34.424934,a fish tank filled with lots of different types of corals
-26.185514,-20.338146,5.2836447,a pair of black sandals on a white background
-23.83848,0.1744598,-26.947985,a set of jumper cables and a battery charger
8.321372,1.9387292,-8.044354,a hot tub sitting on top of a balcony
-29.970701,-5.1147447,14.206094,a woman wearing a fur hat and scarf
13.007596,-21.677216,-9.956118,a dresser and a chest of drawers in a room
-25.364714,-10.083794,-21.499823,a close up of a camera head on a tripod
-1.0331218,-15.4296,32.621555,a blue and black jacket on a mannequin mannequin mannequin mannequin mannequin mannequin mann
14.256263,6.1147604,-17.659536,"a quote that says surround yourself with people who believe in your dreams, encourage your ideas, support your ambitionss and bring out the"
-23.382761,-28.364277,4.4837966,a striped chair and ottoman on a white background
1.5275261,-5.1184983,1.0449002,a group of cans of soda sitting on top of each other
6.859577,0.1603679,-8.187988,a hot tub sitting on top of a wooden deck
-28.444225,-6.838678,12.490034,a woman wearing a green knitted hat
12.369772,-27.417065,4.202098,a white room with black tables and shelves
12.113091,-24.419327,-12.071262,a blue chest of drawers in a room
23.60507,20.21322,-0.6764192,a collage of a variety of food items
1.8875667,6.6748123,-14.821511,a couple of stuffed animals sitting next to each other
-6.024779,-0.85964686,-26.112131,a lit up glass box with a flower on it
22.198639,24.273527,-16.050661,a graph that shows the number of people in the world
2.9021845,17.27806,-5.2793756,three small cars are parked in a parking lot
-15.454569,-2.6029563,24.682396,a woman wearing a green and black floral print dress
8.8630495,-10.550148,-3.2774327,a wooden table with chairs around it in a room
10.72299,14.651463,-10.8678055,"a number of houses built in chapman, tx"
-11.618156,4.9873834,5.965904,a black and white photo of three men with long hair
-1.5124121,23.852299,5.5001173,a couple of people walking down a snow covered street
-10.754742,-9.51875,-21.582228,a close up of a metal object on a table
9.62656,-15.070398,-7.0906124,a small wooden table with three drawers
-8.156606,-0.78241575,19.973913,a woman in a black gown posing in front of a white wall
22.628075,9.566656,-21.795074,a screenshote of a spreadsheet with multiple spreadsheets
-10.256858,-22.270779,-8.423592,a digital scale sitting on top of a counter
-0.83989763,-0.8375911,-9.324996,a paper toy that is standing next to a box
26.342415,31.36681,-21.569302,a bar chart showing the percentage of employment in the u s oil and gas industry
11.794003,28.183289,1.7779713,a tall tower in the middle of a field
23.87541,-5.621053,12.207631,a living room filled with furniture and a flat screen tv
16.370611,-25.551273,3.920853,a kitchen with white cabinets and black appliances
15.839926,22.496506,24.950333,a woman standing next to a man at a dinner table
-23.45783,-15.82015,-12.9037285,a close up of a turbochack on a white background
-3.3548317,-17.223658,-34.009285,a cell phone case with an image of a butterfly
-18.082306,-12.036376,7.318414,a purple handbag with brown handles
15.1241455,3.291976,-2.6019707,a view of the ocean from a covered patio
-5.487799,-23.600971,-1.9513078,a white and black purse sitting on top of a table
-6.3530684,-0.552037,10.185651,a man in a white shirt and tie in a dark room
9.055873,17.232168,2.2775745,a toshiba sign on the side of a building
-8.388437,-22.832617,-2.330679,a black and white kettle sitting on top of a stand
-24.611788,4.3334603,22.749786,a woman in a blue shirt and grey skirt playing golf
-9.75248,-8.142741,25.272215,a woman in a yellow dress holding a violin
26.292767,-0.21526347,15.627552,a living room filled with furniture and a chandelier
2.2897527,7.609418,16.551748,a group of people standing around a horse drawn carriage
10.027544,16.804607,27.369356,a man and a little girl walking on a beach
6.0980525,9.398999,22.565605,a group of people on a field playing football
-24.482737,-0.87276644,-24.038164,a bunch of cables that are connected to each other
-38.508656,5.200611,9.45391,a small blue house with a hammer sticking out of it's roof
14.244945,30.419924,-20.461716,a map of canada showing the major lakes
36.0677,7.3087034,2.3130686,the interior of a luxury car
18.62157,13.026315,-16.728924,a number of different types of jobs
3.810375,-23.349808,-11.699194,a wooden table topped with plates of sushi and chopsticks
-23.621859,-1.9837734,22.816101,a woman wearing a brown jacket and black pants
-26.845976,-9.405849,-4.7460995,a diamond ring on a white background
-10.633011,31.15128,-16.28718,a large air plane flying through a blue sky
28.815165,26.106813,-18.767479,a bar chart showing the number of sales items sold
-11.256643,0.055661567,13.792367,a black and white photo of a woman in a dress
24.002153,29.76661,-18.228844,a bar chart showing the number of people in the united states
-0.7235638,35.99085,-11.913303,an aerial view of a skate park with graffiti
15.974469,17.516884,13.5131645,a group of people standing next to each other
-31.646215,-8.484823,22.245426,a mountain hardshell jacket
-27.190752,-0.8066219,-1.7168654,a silver ring with a turquoise butterfly on it
29.41606,18.94718,-14.955646,a chart with a red line and a blue line
1.8576534,-2.7167614,12.224793,a woman sitting at a table in a restaurant
-1.2559536,-9.096279,-26.246096,a pair of black earphones sitting on top of each other
12.205184,18.016167,27.616041,a man and a woman holding hands on the beach
-29.032782,4.4941034,2.4783142,a pair of earrings with blue and white beads
22.226725,-18.16315,-6.0117593,a bathroom with a sink and a mirror
-21.79539,-22.321505,-11.464049,a car alter and wiring kit on a white background
5.210022,-10.104343,17.163,a woman sitting on top of a couch next to a lamp
30.214848,-4.2575645,16.282331,a living room filled with furniture and a fire place
33.51283,-4.10832,-6.0192184,a bed room with a neatly made bed
-6.6670475,6.353552,-9.3078,a close up of a guitar on a wall
2.0589838,11.73993,-4.544498,a man is taken away from a police car
13.340019,-6.272862,-21.84808,a bunch of cigarettes stacked on top of each other
18.428688,-21.96497,4.9714932,a kitchen with wooden cabinets and stainless steel appliances
24.26665,-16.623222,-6.3739247,a bathroom with a sink and a mirror
2.5171695,-30.047953,-13.81632,a group of silverplated tea and coffee sets
-4.650561,-19.91981,14.911683,a red toyota avalon driving down a road
-34.67043,-10.380556,10.470627,the michigan state spartans logo on a green background
21.683651,7.408479,-21.493793,a spreadsheet spreadsheet spreadsheet spreadsheet spreadsheet spreadsheet spreadsheet spreadsheet spreads
4.972023,-11.462173,-15.382763,three tiered trays of food on a table
4.7280574,15.18611,12.429181,a group of men standing on top of a construction site
25.842943,-6.4972405,8.277402,a living room filled with furniture and a flat screen tv
-5.7608027,20.334204,29.64715,a golden retriever being presented at a dog show
-13.858841,2.6948667,10.741348,a soccer player in a black and white uniform
9.157555,-12.174531,-15.827808,a table with a bunch of different items on it
-27.482601,-2.5648394,0.6184799,a silver ring with a blue stone in the center
-9.635725,21.591877,-11.135735,a large waterfall in the middle of a lush green forest
-13.219382,8.765723,28.145731,a woman holding a ball in her hands
-8.30407,-28.177366,-5.7464385,an open laptop computer sitting on top of a white surface
-3.862735,-9.347494,31.658478,a white dress on a mannequin stand
-25.243202,-0.1048497,-16.369463,a close up of a black electronic device
34.5174,-0.7624386,-9.241329,a bed room with a neatly made bed and a television
-24.877693,8.54276,25.038359,a woman in a blue and yellow shirt throwing a frisbee
-6.6774035,-25.196817,12.044591,a red and silver motorcycle parked on the side of the road
22.983328,12.317303,21.270384,a man and a child are playing in a room
16.438776,19.822603,21.689865,a man and a woman standing next to each other
-2.8164701,13.123569,2.1520958,an old black and white photo of a building
-10.361964,20.956892,-4.2126117,a field full of tall grass with trees in the background
6.740033,2.5312972,-0.72284585,a view of a garden with a bench and mountains in the background
-10.028396,-4.9331164,-23.91043,a penny sitting next to a glass mosaic
-4.99036,25.004622,-25.65889,a large cruise ship docked in a harbor
3.838256,9.719633,25.4708,a group of girls running on a track
16.90083,13.80197,-8.742627,a new home being built in a residential area
28.44028,-4.6385117,12.871175,a living room filled with furniture and a fire place
20.092476,-26.997551,7.975309,a display of panasonic microwaves in a store
22.422195,-14.198705,12.061181,a kitchen and living room with a blue couch
22.601978,-15.974961,-0.9190385,a kitchen with a sink and a window
7.3770237,-13.656371,-29.10297,a bunch of cubes that are in the shape of a heart
-1.0145164,-9.105562,-23.685715,a pair of ear buds sitting on top of a table
18.847696,28.414913,-18.351416,a map of the united states showing the number of people in each country
-10.649057,-4.897524,19.305166,a woman in a black dress posing for a picture
11.784889,-14.884044,24.024643,a cat laying inside of a tunnel on top of a rug
25.206343,27.596598,-20.268473,a bar chart showing the number of people in the united states
8.115617,5.6558776,14.850715,a group of children sitting on top of a bed
-10.613089,-20.999306,6.7735696,a red and yellow tie bar with a crown on it
9.935118,-3.6852844,-1.7752562,a patio table with chairs around it
32.062656,2.1295748,-8.983586,a bed room with a neatly made bed and a flat screen tv
28.908558,10.834598,8.386087,a sculpture made out of magazines in a room
15.018629,-11.0936165,-8.257229,a desk with a monitor and keyboard on it
20.869158,18.78908,14.814006,a couple of people that are on a stage
6.6117964,20.297098,-23.539875,a lightning bolt in the sky over a city
-4.646907,22.797747,15.396912,a crowd of people watching a man on a skateboard
20.058687,22.184696,13.455393,a couple of people that are walking in the dirt
-8.015565,16.285624,-14.948057,a girl scout cookie with a lake in the background
2.1524696,17.11542,15.627124,a group of people standing in front of a building
1.0472665,19.302536,13.475445,a group of people walking down a sidewalk next to a building
-5.2399273,-4.7426386,-7.9354362,an open and closed safe box with a key lock
6.307976,-2.1892405,13.751417,two women sitting at a table with a cat
8.830012,20.732615,-18.953117,a weather map with the sun and clouds
-13.025672,-10.546032,24.443563,a woman in an orange dress holding a microphone
6.8617225,12.369856,-8.979831,a couple of houses sitting next to each other
-1.3025007,0.74924314,23.346888,a drawing of a woman riding a dragon with a castle in the background
-18.978748,16.234747,13.026861,a man in a suit and tie smiling
-27.005098,-1.3717933,-12.907259,a close up of an alien head on a black background
-23.062136,-27.824602,-11.450007,a green and red power supply unit on a white background
17.466667,-17.265438,0.60014725,a kitchen filled with lots of counter top space
-18.195845,16.446115,1.1477418,a painting of a farm scene with cows
-7.4733124,20.99242,-19.511395,a large battleship floating on top of a body of water
-28.46372,-19.158476,-6.206069,a close up of a black power cord on a white background
-39.092613,2.8262086,1.982294,three blue golf bags sitting next to each other
1.1338491,9.339149,-26.294806,a couple of flags that are flying in the air
-4.7458677,-9.896639,-12.166753,a person using a band saw to cut a piece of wood
27.365486,2.443891,-9.075983,a bedroom with two beds and a picture on the wall
12.3311825,10.632386,-1.5791378,a house with a pool in the backyard
-12.582806,16.316856,15.870291,a man posing for a picture on a stage
24.808996,20.22383,22.79005,a comic strip with a woman talking to a man
-5.3689556,7.638834,19.361242,a painting of a man on a brick wall
-17.345804,5.116097,-30.027712,the australian driver test app on an iphone
22.790516,-16.876888,13.575189,a bedroom with a blue wall and a white bed
-21.709738,1.0870563,-18.040802,a close up of a cell phone with a broken battery
9.269927,27.48908,21.917013,two men shaking hands in front of flags
-13.319346,-10.905029,19.553658,a woman wearing a red jumpsuit
-24.265154,10.7503805,25.682266,a man in a black shirt throwing a frisbee
38.007313,-4.855258,0.7788805,a bed with two green pillows on top of it
16.224398,-23.449924,17.326683,a church aisle decorated with white flowers and greenery
-11.329339,-8.61765,-14.055421,a close up of a cup with scissors and other items in it
10.302087,-12.299138,-20.015434,a table with a list of new orleanss
30.089432,-5.443113,-10.050311,a bed room with a bed a chair and a mirror
-21.39143,-11.029771,-17.17004,a close up of a wheel on a white surface
29.66232,-7.952949,16.30514,a living room filled with furniture and a fire place
-25.530773,1.6196302,17.230759,a woman in a white shirt and blue jeans
-3.3931496,-13.156973,-14.290653,two slices of bread on a wooden cutting board
-0.8747266,-30.737871,-10.315354,a table is set with gold and white place settings
-16.134172,14.214656,1.6955833,a row of black and white cows in a factory
-24.902231,6.7105737,0.2398705,a pair of earrings with a lock and key
14.589456,2.1969266,-29.929329,the cover of buddy miles's album
9.318434,-0.73595315,17.54766,a woman and two little girls sitting on a set of stairs
-12.544816,4.051463,-14.227551,a close up of a piece of paper with writing on it
-27.189274,-20.62917,12.064748,a pair of black high heels with a gold skull on the heel
21.753054,-10.649532,4.998423,a living room with a couch a table and a refrigerator
28.331131,3.2209604,-16.67585,a painting is hanging on the wall above a cabinet
25.217295,-0.60992324,11.993559,a living room filled with furniture and a lamp
-13.338201,-9.240711,-19.211039,a close up of a shell on a table
24.002153,29.76661,-18.228844,a bar chart showing the number of people in the united states
18.428076,-19.332615,-0.14951783,a kitchen filled with lots of counter top space
-21.083742,-0.5611955,-9.120959,a close up of a person's hand holding a ring
-9.7515955,-3.4937503,-19.101252,a close up of a pair of shoes on a reflective surface
-19.891853,12.349189,11.1596775,a close up of a person wearing a suit and tie
1.4539694,-25.890732,-10.960527,a wooden table topped with white plates and silverware
13.061753,-23.60396,-4.340292,a white cabinet with two drawers and a wooden top
-22.13629,-6.164592,17.264627,a woman wearing a brown top and white shorts
-0.18935862,-18.487844,-21.186611,a white plate topped with a piece of chocolate
5.222733,19.396301,-19.434559,the sun is setting over the city skyline
24.015827,-2.270403,5.648961,a living room filled with furniture and windows
30.810743,-9.637605,13.242443,a living room filled with furniture and a fire place
11.601337,17.085346,11.356858,a group of children posing for a picture
15.853881,-18.416178,-7.946766,a dresser with a mirror on top of it
-30.57459,-13.172895,-21.181892,a teddy bear sitting next to a camera
19.980259,5.64681,-11.986155,a sign that says beware of zombies
23.173489,-0.78514796,-6.845225,a bed sitting in a bedroom next to a window
-14.864465,14.079915,-12.267424,a dog sitting on top of a tree stump
41.06767,-10.105357,-3.163938,a mattress that is sitting on top of a box
-24.933897,3.1307516,-17.233948,an image of a black cell phone
-13.741416,25.226233,-21.132421,a humpback whale jumping out of the water
-12.778356,-13.668626,-19.566574,a close up of a table cloth on a table
24.049173,14.767289,-20.421728,a screen shot of a dashboard meeting
7.9158416,11.021095,-4.9593678,a house with a tree in front of it
26.771393,3.0353312,0.63038546,a bedroom with a large bed and sliding glass doors
25.713074,29.86401,-13.915454,a bar chart showing the number of mobile phones in the world
-14.956046,-21.932781,17.089876,a pink and white bedroom with two twin beds
5.5738435,-18.199158,-12.19945,a bunch of macarons sitting on top of a wooden table
-25.477907,5.652884,8.446022,a close up of a necklace and earrings on a mannequin
-3.4858565,-14.097997,-7.8564544,a potted plant with a garden fork on top of it
-26.204306,-1.6661488,6.1976485,a black and white diamond heart necklace
-2.4914286,-21.836021,2.15868,a pair of purses sitting on top of each other
-14.031418,-5.763163,29.274223,a woman in a long green dress
-26.705694,0.1178431,22.213337,a woman in a blue shirt and black jacket
10.726489,-0.7471397,-1.895682,"a patio with a table, chairs and a bench"
-1.7813274,-7.1491904,11.143964,a person holding a cell phone on top of a wooden table
36.49667,6.9989576,4.876018,the interior of a sports car with red leather seats
-0.85311556,-2.6327722,36.421436,french fashion designers paper dolls 1900 - 1950
26.502804,3.8371902,13.5825205,a room with a bunch of lights hanging from the ceiling
-13.645025,31.013187,-17.512905,a fighter jet flying through a cloudy sky
31.712385,-10.808711,-11.869389,a baby's room with a crib and a chair
12.193604,-13.464387,-10.681459,a black table with a shelf underneath it
13.913385,9.194163,23.878868,a group of people doing squats in a gym
-8.035594,-15.446653,2.1427548,a table with four flamingo coasters on it
-11.367545,-11.914346,-24.207594,a close up of four black wires on a table
-21.972874,-4.276607,-7.961735,a close up of a ring on a rock
11.529326,19.809277,23.442131,a man and a woman standing at the edge of a cliff
-18.659153,-19.091389,-7.71083,a white door on a white background
21.893076,13.688366,-2.8237956,a woman before and after her weight loss
25.45674,27.170698,-16.922087,a bar chart that shows the number of people in the united states
-0.603939,15.838545,15.7109995,a group of soldiers standing in front of a building
-10.813749,28.277557,-14.600541,a plane flying over a forest filled with lots of smoke
12.863233,16.746418,15.11084,a group of women standing next to each other
-17.051184,3.9942899,-10.10109,a close up of a person holding a piece of food
17.519283,15.881991,24.143,a man and a woman hugging each other
0.37917954,5.742777,5.986065,a black and white photo of a person laying on the floor
-31.475683,-16.040644,-8.77928,a stainless steel pipe fitting on a white background
16.408897,-20.76203,-7.288598,a white dresser with a mirror above it
-9.228441,-14.033902,-18.177544,a close up of a plate of food on a table
-3.4954984,33.91455,-15.288105,an aerial view of an airport with planes parked on the tarmac
11.25348,1.5537834,0.29356644,an outdoor dining area with tables and chairs
-18.22685,27.276138,-5.773587,a green and white dice in a clear box
-30.825127,-13.091335,-8.806507,a ball valve on a white background
24.238914,22.106306,-13.850028,a graph that shows the average number of experts
-13.84825,22.424908,-7.622127,a large satellite dish sitting on top of a lush green field
-3.7776055,4.968683,-8.511328,a close up of a paper animal head on a wall
-10.453967,-32.880646,9.127479,a yellow and black dirt bike parked in front of a green garage
-1.8375226,-12.605058,28.611912,a suit and tie on a mannequin stand
17.564585,-6.175898,0.14979723,a salon with a lot of chairs in it
-6.137226,28.364168,-7.678617,a golf course with a green and a white bunker
21.801586,26.282906,-19.194973,a graph showing the number of people in the united states and the number of people in the united states
8.660925,35.53767,-8.0453415,the logo for st joseph's college
-0.7423457,-4.521058,-18.961964,a couple of wine glasses sitting on top of a table
-22.531733,3.3925667,8.291879,a woman wearing a necklace and earrings
29.766418,-3.8194513,-5.852666,a bed room with a neatly made bed and a desk
-21.57258,-11.127208,24.885916,a green and red t - shirt with a logo on the chest
-2.7084506,2.8120117,33.968864,a little girl wearing a cupcake costume
14.2494135,-20.230036,6.7288337,a kitchen with green cabinets and a wooden counter top
-29.148836,-20.271646,15.330743,a pair of men's black leather boots
-8.035676,8.227462,-23.967306,a couple of motorcycles parked next to each other
-11.028772,2.267083,-0.04416551,a black and white drawing of a basket of vegetables
0.88005406,15.187581,-20.113935,a close up of a body of water
-6.795669,33.159348,-4.3503847,a basketball court with lines painted on it
-9.237562,7.6903763,-1.0892899,a black and white photo of a wooden fence
13.138768,27.157238,-13.043775,a map of the district of district 20
3.9326608,20.420288,-8.52067,a small town street with cars parked on both sides of the street
-6.6942887,18.16184,-6.2064524,a row of palm trees blowing in the wind
7.0072083,13.2642355,32.526417,a couple of women in a kitchen cleaning a stove
-22.613708,4.4800386,15.768326,a close up of a person wearing a white shirt
34.1011,-8.409141,16.899977,an electric fireplace with a white mantle
8.643159,21.004583,13.554253,a group of people standing in front of a sign
24.509607,-12.446929,-13.382225,a small doll house with a ladder and a window
-4.6882105,28.471254,2.567282,a white car driving down a country road
-31.07647,-10.221518,19.311049,an army green parka with a faux hood
6.489479,16.489853,-3.0423417,a building with a car parked in front of it
-5.4388227,-5.2004094,-19.22369,a close up of two glasses of food on a table
3.8737843,7.5489707,5.4069796,a man laying on the ground with a rugby ball
-22.011642,-1.0811738,25.01658,a woman wearing a brown suit and black shoes
13.884515,-10.612772,1.6224133,a kitchen with a table and chairs in it
26.614212,14.644175,-19.11077,a dashboard with a line graph on it
21.847046,-6.289581,7.374373,a living room filled with furniture and a flat screen tv
-13.794474,29.407106,2.417899,a yellow and white building with cars parked in front of it
10.833742,12.568567,12.999968,a group of people standing in front of a counter
3.6530304,5.7392683,-19.10017,a couple of smart watches sitting next to each other
12.078399,-12.537895,-16.882652,a table that has some information on it
-8.220007,-10.959623,19.49864,a beautiful young woman in a red bikini posing for a picture
7.53832,-6.990375,-0.54843175,a chair with a floral pattern on it
-10.877491,-6.703818,22.975313,a woman in a yellow dress posing for a picture
2.942622,23.917532,-7.9989576,a view of a city street with tall buildings in the background
27.012115,18.311039,-16.080433,a graph with a line graph and a line graph on it
15.536058,-11.040477,-0.1309352,a kitchen with a table and chairs in it
21.024117,-21.455791,6.4366174,a commercial kitchen with stainless steel appliances
-22.715193,10.202391,-9.4160385,a website page with a picture of a woman's foot
-34.43348,-19.555271,-0.9519885,a pair of glasses on a white background
-3.7516708,18.531925,-24.283695,a white boat is docked in the water
20.194202,15.057497,-5.1929994,two pictures of a house before and after remodeling
13.847639,-6.5256805,-29.443827,papa bob's patchouli since soap in a tin
3.2271132,11.734581,16.456814,a group of people standing around a car in the desert
-18.987917,-23.336216,15.986665,a collection of pink and gold digital papers
-21.23911,-2.9204564,16.03913,a woman wearing white pants and a tank top
22.804106,-24.416042,-10.476736,a white toilet sitting on top of a white floor
-13.758319,14.850446,28.637663,a man holding a red lobster in his hand
-0.8105826,24.604374,-11.201301,a baseball field with a city skyline in the background
21.219152,-1.4372895,20.201239,a large pipe organ sitting inside of a building
30.329298,4.54834,-16.533957,a bunch of paintings hanging on a wall
-4.442257,2.1570883,23.21279,a woman dressed as an angel standing in front of a castle
34.768284,-8.507295,-8.944559,a child's bed with a slide in a room
36.87145,-2.2409248,-4.45334,a white bed with a storage underneath it
7.898876,0.5985773,13.742022,a group of women sitting around a table
-25.690317,-10.744144,-17.73125,a close up of a camera on a white surface
9.403898,12.407329,-21.170033,an open book with a picture of a view of a lake
13.757777,9.278448,12.076063,a group of people standing around a table
-25.627712,-4.6532884,22.908354,a woman wearing a black cardigan sweater
21.274395,-25.498177,1.2576259,a collage of pictures of a kitchen with white cabinets
-3.521102,21.45198,-20.240904,a large body of water with a bunch of boats in it
-16.196331,-24.779661,12.533893,a shower curtain with pink flowers on it
-29.798672,-19.199488,3.1738815,a pair of white boots on a white background
-20.23713,20.471157,-12.690126,a wooden toy with a green frog on top of it
-22.5898,-12.766348,8.488804,a silver purse with a chain on it
15.556988,-3.7134762,-9.134689,a room filled with lots of computers and desks
13.379375,-26.061663,-5.5287933,a white sideboard with drawers and drawers
-2.7517817,-15.064134,9.750522,a person holding a bunch of red balloons
3.4422166,24.130342,-15.458798,a view of a city from a bridge
-1.4877691,2.8973007,13.272824,a priest standing in front of a table with a cross on it
-4.8648424,7.586962,3.1279147,black and white photograph of a band performing on stage
-17.222202,-6.066404,13.580221,a woman wearing a black bra and panties
11.437018,22.392313,13.539668,a couple of people that are standing in front of a sign
-15.1207,-3.1441767,-12.856785,a close up of a spoon with a spoon in it
-5.727906,14.840751,-21.369663,a duck that is sitting in some water
-8.397245,23.537516,20.731554,a man standing on top of a beach next to a grill
-4.5541735,14.278234,-9.20189,a swimming pool with lounge chairs and palm trees
9.719263,18.63534,-0.65919864,a building with a bank sign above it
-28.456337,-12.346849,15.816763,a green and brown wallet with a zipper
-22.156677,-23.647274,-3.0269318,a black golf cart on a white background
-5.1562357,16.464577,-8.681259,an empty swimming pool surrounded by palm trees
1.2707614,19.90912,9.141071,a group of firefighters walking down a dirt road
10.133828,25.241402,30.74679,a couple of men sitting on top of a red carpet
-2.752965,-22.400988,12.891756,a red car parked in front of a building
13.805764,23.75767,-17.425484,a map of the world with different locations
12.113211,8.818621,13.801062,a group of people standing around a table
16.976467,-1.9636834,-8.837043,a room filled with lots of computers and desks
-1.5122145,9.993863,-32.794098,a white arch with an american flag on it
9.776129,-4.41158,-18.67301,a machine that is sitting on top of a table
-31.486935,-19.983736,14.695745,a black boot with a zipper on the side
22.635105,-5.1651053,18.51613,a living room filled with furniture and a staircase
-7.641659,-14.968553,-28.004055,a metal wall plate with four square holes
-30.43979,-28.323925,-6.5683575,a blue bicycle chainring on a white background
-19.557335,-20.865604,9.682312,a pink and black electric razor sitting on top of a piece of paper
-14.670191,-11.747371,7.2871747,a purple dress on display in a room
22.17813,0.44783497,2.9881136,an empty living room with a large window
20.107622,0.8847001,11.5484,a living room with yellow walls and white furniture
5.581116,26.997084,-25.441927,a picture of a train going down a track
-10.893946,-23.131481,20.649649,a black and white bedroom with a purple rug
8.307622,15.256272,19.560865,a couple of women standing on top of a stage
-15.093902,11.66245,16.45103,a man in a suit and tie speaking into a microphone
-21.025162,24.490309,-7.8955107,a small black box with green trims
34.925716,-13.963027,-4.0467243,a black metal bunk bed with white sheets
8.101731,12.904149,-17.28401,a lake and mountains with the words things to do on the south island of new zealand
-10.558908,12.224708,7.614785,a black and white photo of xi jinping
15.19703,-4.304796,-31.652767,cutting onions podcast with bobby shaw celebrating culture that develops leaders
0.5938707,-5.125944,12.501482,a woman sitting at a table with a cell phone in her hand
-27.590662,-5.7027917,16.444382,a woman wearing a camel colored outfit and a hat
6.251806,6.2957454,22.411812,a group of men playing a game of football
-2.438543,2.6380084,8.210712,a black and white photo of a man sitting at a table
-6.4071627,-26.973282,-6.4241095,a white tablet computer sitting on top of a white table
-13.451036,-12.811162,-5.222236,a painting of flowers on a white background
-17.44722,-20.490915,-1.9674935,a black computer case on a white background
-6.7101507,25.861246,-21.220478,a wind turbine in the middle of the ocean
17.93606,21.053366,17.263817,a couple of men standing next to each other
-27.056671,-20.117329,2.7216573,a pair of black shoes on a white background
